Date,Open Price,High Price,Low Price,Close Price,WAP,No.of Shares,No. of Trades,Total Turnover (Rs.),Deliverable Quantity,% Deli. Qty to Traded Qty,Spread High-Low,Spread Close-Open
26-August-2021,1253.00,1310.00,1250.00,1288.75,1280.498710068050491622,151946,11414,194566657.00,51239,33.72,60.00,35.75
25-August-2021,1162.05,1260.00,1162.05,1248.25,1221.121128531946712323,189237,15449,231081299.00,104942,55.46,97.95,86.20
24-August-2021,1116.00,1170.00,1116.00,1162.05,1150.243322356384924990,43728,4832,50297840.00,30505,69.76,54.00,46.05
23-August-2021,1131.95,1155.90,1102.00,1114.00,1127.601422347514095335,31216,2109,35199206.00,12316,39.45,53.90,-17.95
20-August-2021,1114.80,1173.10,1108.35,1126.10,1149.261297588482681493,63487,5598,72963152.00,24017,37.83,64.75,11.30
18-August-2021,1098.00,1129.20,1082.75,1119.30,1107.775817451135602508,65692,5772,72772009.00,38823,59.10,46.45,21.30
17-August-2021,1067.00,1089.40,1059.40,1067.60,1071.439504112528310883,8389,1093,8988306.00,2906,34.64,30.00,0.60
16-August-2021,1076.00,1083.80,1057.90,1067.95,1071.862124871786387850,30223,2717,32394889.00,13253,43.85,25.90,-8.05
13-August-2021,1111.15,1145.85,1086.10,1089.05,1113.703813531604997492,45863,3480,51077798.00,9642,21.02,59.75,-22.10
12-August-2021,1090.00,1113.00,1089.95,1103.20,1103.281402538236251220,12292,1184,13561535.00,5791,47.11,23.05,13.20
11-August-2021,1119.80,1125.00,1071.50,1094.20,1089.888413387838528359,15656,1674,17063293.00,6793,43.39,53.50,-25.60
10-August-2021,1107.70,1147.80,1091.00,1104.35,1119.019998651473265457,74155,6667,82980928.00,26539,35.79,56.80,-3.35
9-August-2021,1080.10,1108.90,1080.10,1086.05,1092.794768952660716303,17702,1742,19344653.00,7982,45.09,28.80,5.95
6-August-2021,1077.00,1085.95,1072.00,1080.05,1080.486514195583596214,12680,1489,13700569.00,5552,43.79,13.95,3.05
5-August-2021,1080.00,1094.75,1070.20,1079.50,1079.070839744998900857,18196,1801,19634773.00,8294,45.58,24.55,-0.50
4-August-2021,1102.00,1116.55,1078.00,1079.80,1096.899059334298118668,13820,1351,15159145.00,4620,33.43,38.55,-22.20
3-August-2021,1100.00,1109.15,1097.00,1100.60,1102.473787621684379744,11197,1496,12344399.00,5596,49.98,12.15,0.60
2-August-2021,1120.00,1123.10,1095.00,1098.75,1104.141332121969223780,17611,1705,19445033.00,7300,41.45,28.10,-21.25
30-July-2021,1101.95,1125.00,1101.95,1116.55,1114.536740422721268163,12112,1082,13499269.00,4842,39.98,23.05,14.60
29-July-2021,1114.00,1119.55,1093.55,1099.50,1103.315066491304983194,6843,819,7549985.00,2521,36.84,26.00,-14.50
28-July-2021,1106.25,1106.25,1083.70,1095.20,1092.229394704836748058,10689,876,11674840.00,6028,56.39,22.55,-11.05
27-July-2021,1106.10,1119.25,1086.60,1099.90,1103.874151134229157636,6921,960,7639913.00,2585,37.35,32.65,-6.20
26-July-2021,1103.25,1127.55,1097.95,1103.50,1101.166460475026264887,203694,2423,224301001.00,180843,88.78,29.60,0.25
23-July-2021,1109.30,1149.30,1097.90,1103.55,1123.807885271815078692,43651,3939,49055338.00,13177,30.19,51.40,-5.75
22-July-2021,1064.05,1152.20,1064.05,1109.10,1125.805745658835546475,117480,8967,132259659.00,45626,38.84,88.15,45.05
20-July-2021,1083.00,1087.75,1054.45,1067.15,1070.858856248913610290,11506,1190,12321302.00,3174,27.59,33.30,-15.85
19-July-2021,1076.00,1091.00,1068.25,1081.65,1081.866859492927193022,22127,2248,23938468.00,7035,31.79,22.75,5.65
16-July-2021,1101.00,1117.95,1072.40,1075.80,1093.596735759751917741,30635,2933,33502336.00,12183,39.77,45.55,-25.20
15-July-2021,1105.40,1118.00,1091.00,1096.90,1100.487900889793371856,67319,1805,74083745.00,57686,85.69,27.00,-8.50
14-July-2021,1096.00,1133.10,1096.00,1107.35,1121.211384416214904118,74154,2031,83142309.00,54593,73.62,37.10,11.35
13-July-2021,1115.50,1123.00,1091.00,1096.00,1104.308231469881149900,29533,2639,32613535.00,12195,41.29,32.00,-19.50
12-July-2021,1129.00,1130.00,1104.50,1111.95,1115.331200200765418156,15939,1514,17777264.00,5637,35.37,25.50,-17.05
9-July-2021,1146.00,1154.00,1111.80,1117.55,1133.647166077424232317,44973,4107,50983514.00,18491,41.12,42.20,-28.45
8-July-2021,1097.05,1165.00,1075.25,1148.50,1134.028902379457120926,71655,4219,81258841.00,19440,27.13,89.75,51.45
7-July-2021,1109.45,1128.50,1090.80,1097.95,1106.487343133739691645,41835,3697,46289898.00,14892,35.60,37.70,-11.50
6-July-2021,1061.80,1143.15,1061.80,1100.95,1110.802501677369884021,104330,6358,115890025.00,28388,27.21,81.35,39.15
5-July-2021,1077.10,1092.75,1056.10,1061.85,1074.141534098462356538,22567,2365,24240152.00,7325,32.46,36.65,-15.25
2-July-2021,1011.00,1072.00,1011.00,1067.10,1054.379352221803917758,82343,8051,86820759.00,53607,65.10,61.00,56.10
1-July-2021,1021.35,1029.65,1010.80,1014.95,1017.929822721074163432,9533,1183,9703925.00,3671,38.51,18.85,-6.40
30-June-2021,1032.30,1043.30,1017.50,1021.35,1031.874147318355341385,15979,2326,16488317.00,7500,46.94,25.80,-10.95
29-June-2021,1062.85,1065.35,1028.25,1036.45,1046.276481940998070030,18135,1873,18974224.00,6058,33.40,37.10,-26.40
28-June-2021,1036.60,1048.90,1027.40,1041.80,1038.464728706825265568,15721,1929,16325704.00,5053,32.14,21.50,5.20
25-June-2021,1024.35,1039.00,1018.90,1036.60,1030.068274762597906702,14427,1920,14860795.00,8489,58.84,20.10,12.25
24-June-2021,1028.00,1039.10,1013.40,1019.30,1020.817031696367841110,7351,1148,7504026.00,1429,19.44,25.70,-8.70
23-June-2021,1006.60,1046.00,995.00,1021.05,1021.830673669326330673,39604,3999,40468582.00,15488,39.11,51.00,14.45
22-June-2021,1016.00,1020.80,999.00,1001.95,1006.955166475315729047,17420,2255,17541159.00,9863,56.62,21.80,-14.05
21-June-2021,1014.00,1023.55,998.45,1007.75,1009.843729972228156376,9362,1215,9454157.00,3192,34.10,25.10,-6.25
18-June-2021,1028.00,1039.15,996.90,1013.95,1014.747117794486215538,11970,1224,12146523.00,4296,35.89,42.25,-14.05
17-June-2021,1032.75,1054.50,1024.40,1027.15,1037.565512736773350751,15310,1926,15885128.00,5882,38.42,30.10,-5.60
16-June-2021,1050.00,1050.00,1027.00,1029.85,1035.751418136607350998,12869,1886,13329085.00,6102,47.42,23.00,-20.15
15-June-2021,1045.10,1058.35,1041.00,1042.70,1049.677495015832062859,8527,1074,8950600.00,2952,34.62,17.35,-2.40
14-June-2021,1050.05,1057.00,1029.15,1051.45,1046.165086790594607903,8123,1157,8497999.00,2471,30.42,27.85,1.40
11-June-2021,1059.75,1061.35,1043.85,1045.65,1049.996870425521175104,19811,1306,20801488.00,3516,17.75,17.50,-14.10
10-June-2021,1057.40,1061.15,1037.25,1040.75,1046.308498253783469150,7731,1024,8089011.00,4142,53.58,23.90,-16.65
9-June-2021,1067.70,1088.00,1042.20,1047.05,1065.348881614839061647,18330,2169,19527845.00,6543,35.70,45.80,-20.65
8-June-2021,1063.00,1078.00,1048.00,1069.50,1060.559564329475833900,10283,1173,10905734.00,4160,40.46,30.00,6.50
7-June-2021,1075.00,1079.00,1054.00,1065.00,1066.685890540968048086,31610,2905,33717941.00,11561,36.57,25.00,-10.00
4-June-2021,1052.50,1089.20,1033.40,1063.25,1064.230797085049563210,22093,1733,23512051.00,7701,34.86,55.80,10.75
3-June-2021,1048.80,1052.35,1040.90,1048.70,1047.648782501031778786,7269,1065,7615359.00,3487,47.97,11.45,-0.10
2-June-2021,1042.80,1046.75,1031.00,1036.50,1038.550712719298245614,7296,948,7577266.00,2561,35.10,15.75,-6.30
1-June-2021,1050.00,1069.15,1026.00,1031.00,1046.130424546810013340,25486,2327,26661680.00,5922,23.24,43.15,-19.00
31-May-2021,1025.50,1029.65,1011.00,1020.15,1019.320236118797269876,5421,814,5525735.00,2169,40.01,18.65,-5.35
28-May-2021,1034.20,1039.00,1025.25,1029.00,1029.413875047911077041,13045,1949,13428704.00,9112,69.85,13.75,-5.20
27-May-2021,1035.60,1039.00,1025.00,1034.20,1031.179676295841016185,4881,634,5033188.00,2778,56.91,14.00,-1.40
26-May-2021,1034.00,1046.00,1018.25,1035.60,1029.827467605183170692,12502,1115,12874903.00,3666,29.32,27.75,1.60
25-May-2021,1015.00,1035.00,1015.00,1026.75,1027.897095875878530698,15082,1437,15502744.00,6083,40.33,20.00,11.75
24-May-2021,1025.00,1032.40,1012.20,1014.50,1020.447911014650027129,14744,2053,15045484.00,6793,46.07,20.20,-10.50
21-May-2021,1015.00,1030.00,1012.60,1025.75,1023.707003694994961370,23816,3126,24380606.00,14897,62.55,17.40,10.75
20-May-2021,1001.40,1032.00,1001.40,1012.60,1017.953654768680380518,12299,1038,12519812.00,4335,35.25,30.60,11.20
19-May-2021,1005.05,1021.95,1005.00,1013.90,1015.007862068965517241,7250,955,7358807.00,3057,42.17,16.95,8.85
18-May-2021,1006.00,1020.15,1004.25,1007.95,1009.168119948957890259,18808,2515,18980434.00,10399,55.29,15.90,1.95
17-May-2021,988.95,1005.50,988.95,1001.95,998.549755664149266992,4502,661,4495471.00,2041,45.34,16.55,13.00
14-May-2021,1001.00,1013.70,978.80,983.20,994.778578874218207088,23024,2037,22903782.00,7628,33.13,34.90,-17.80
12-May-2021,1010.00,1032.00,995.95,1007.85,1014.990995009026229160,47085,3971,47790851.00,19212,40.80,36.05,-2.15
11-May-2021,965.00,1007.50,960.00,1000.60,988.368070836340591828,56807,4970,56146225.00,26762,47.11,47.50,35.60
10-May-2021,960.00,976.30,960.00,968.60,968.498861336032388663,7904,973,7655015.00,3086,39.04,16.30,8.60
7-May-2021,960.75,964.60,951.50,959.95,959.049079372978352824,16076,1653,15417673.00,7562,47.04,13.10,-0.80
6-May-2021,974.80,974.80,956.05,957.85,961.085419576662726979,9307,1298,8944822.00,4044,43.45,18.75,-16.95
5-May-2021,984.90,984.90,964.00,968.60,969.630442736919136480,19131,1759,18550000.00,4595,24.02,20.90,-16.30
4-May-2021,955.20,977.00,949.00,953.70,963.781892057651027292,13044,979,12571571.00,3627,27.81,28.00,-1.50
3-May-2021,957.15,957.15,942.50,952.55,948.132357334926800119,6694,647,6346798.00,1951,29.15,14.65,-4.60
30-April-2021,945.00,959.50,943.15,956.30,953.096331974805483512,18893,1685,18006849.00,8327,44.07,16.35,11.30
29-April-2021,977.50,977.50,945.00,948.50,961.442940677166839573,21206,1366,20388359.00,5406,25.49,32.50,-29.00
28-April-2021,957.50,974.70,952.40,964.90,965.775156241041224700,34882,1268,33688169.00,4669,13.39,22.30,7.40
27-April-2021,950.00,958.05,948.55,949.90,951.651001613975125795,10533,1444,10023740.00,5701,54.13,9.50,-0.10
26-April-2021,956.60,966.80,951.70,954.50,955.832486050836949783,8065,834,7708789.00,2643,32.77,15.10,-2.10
23-April-2021,949.60,964.00,945.00,956.60,956.165245797147637638,12551,1331,12000830.00,6014,47.92,19.00,7.00
22-April-2021,935.00,993.25,935.00,960.55,946.566184701492537313,21440,1782,20294379.00,7866,36.69,58.25,25.55
20-April-2021,944.10,1005.00,943.00,968.60,953.803214451750016603,15057,908,14361415.00,4578,30.40,62.00,24.50
19-April-2021,935.00,951.55,925.00,940.10,937.230833217801192291,21639,2405,20280738.00,10778,49.81,26.55,5.10
16-April-2021,961.00,981.45,961.00,966.20,971.036683904330963154,12376,781,12017550.00,1822,14.72,20.45,5.20
15-April-2021,982.90,982.90,948.00,965.90,958.646300337234675659,10082,1047,9665072.00,2981,29.57,34.90,-17.00
13-April-2021,945.00,974.95,945.00,970.65,963.252537998279323200,17435,828,16794308.00,3439,19.72,29.95,25.65
12-April-2021,982.00,990.40,931.50,954.40,965.880687541974479516,47648,4596,46022283.00,21586,45.30,58.90,-27.60
9-April-2021,1010.00,1024.00,998.15,1001.20,1011.807812833843743323,28082,1997,28413587.00,7284,25.94,25.85,-8.80
8-April-2021,1015.00,1020.30,1007.00,1010.65,1013.472987255206714330,16085,637,16301713.00,2856,17.76,13.30,-4.35
7-April-2021,1007.00,1019.90,1003.35,1005.35,1011.294802612894064186,14084,783,14243076.00,3360,23.86,16.55,-1.65
6-April-2021,1012.60,1014.45,997.00,1000.05,1002.465938250144855558,12081,737,12110791.00,2815,23.30,17.45,-12.55
5-April-2021,1030.20,1039.15,993.00,999.85,1005.427001030573686018,23288,1326,23414384.00,6554,28.14,46.15,-30.35
1-April-2021,1015.00,1051.30,1014.95,1034.25,1033.616267942583732057,28215,1789,29163483.00,5237,18.56,36.35,19.25
31-March-2021,1005.00,1005.00,985.35,994.85,993.941101641012593817,7861,766,7813371.00,2827,35.96,19.65,-10.15
30-March-2021,990.00,1004.85,990.00,1000.00,999.009839990656388694,34248,2161,34214089.00,8572,25.03,14.85,10.00
26-March-2021,990.00,1005.20,980.30,987.00,993.848651330295457886,54424,2331,54089219.00,7744,14.23,24.90,-3.00
25-March-2021,997.05,1007.35,973.50,983.40,985.191278591410235313,30385,1821,29935037.00,6296,20.72,33.85,-13.65
24-March-2021,1010.00,1028.15,1000.00,1002.35,1016.973531466005154018,83042,1927,84451516.00,6048,7.28,28.15,-7.65
23-March-2021,1030.05,1054.10,1012.00,1020.70,1031.462100878228940757,93142,3105,96072443.00,10770,11.56,42.10,-9.35
22-March-2021,1025.00,1056.00,1021.00,1038.25,1041.655721735824849428,84179,1738,87685537.00,5577,6.63,35.00,13.25
19-March-2021,1016.00,1054.00,983.00,1031.70,1006.498913323755847791,108588,5823,109293704.00,21304,19.62,71.00,15.70
18-March-2021,1059.95,1059.95,1025.05,1031.00,1038.507059031147974940,22666,1421,23538801.00,4100,18.09,34.90,-28.95
17-March-2021,1054.00,1061.60,1035.00,1044.40,1045.792941041325636828,34821,2922,36415556.00,10767,30.92,26.60,-9.60
16-March-2021,1016.25,1078.00,1016.25,1071.50,1042.752117729377261020,134342,4543,140085405.00,30203,22.48,61.75,55.25
15-March-2021,1060.05,1064.50,1012.00,1016.20,1032.884269290575849499,156916,3090,162076068.00,10885,6.94,52.50,-43.85
12-March-2021,1069.40,1083.05,1057.65,1060.60,1073.417278595984639144,338002,4569,362817187.00,21304,6.30,25.40,-8.80
10-March-2021,1062.00,1079.50,1060.15,1069.40,1073.514051152510262077,53839,1163,57796923.00,3562,6.62,19.35,7.40
9-March-2021,1067.95,1088.10,1057.00,1064.55,1071.679071803852889667,18272,1329,19581720.00,5414,29.63,31.10,-3.40
8-March-2021,1056.00,1081.95,1056.00,1064.90,1069.708577827547592385,22325,2033,23881244.00,10294,46.11,25.95,8.90
5-March-2021,1085.00,1108.65,1048.05,1054.55,1074.768684970692991558,35657,3632,38323027.00,12727,35.69,60.60,-30.45
4-March-2021,1106.70,1118.00,1086.05,1097.90,1105.077493663336812285,26828,2299,29647019.00,11412,42.54,31.95,-8.80
3-March-2021,1117.80,1123.00,1106.00,1112.80,1113.529007735396105628,14996,1292,16698481.00,7523,50.17,17.00,-5.00
2-March-2021,1094.70,1119.00,1091.15,1106.55,1106.589402110199296600,21325,1375,23598019.00,8961,42.02,27.85,11.85
1-March-2021,1100.00,1104.00,1080.00,1085.00,1088.987083602424949480,48001,2441,52272469.00,24682,51.42,24.00,-15.00
26-February-2021,1094.70,1114.10,1071.50,1087.40,1092.968837503387227892,44284,2472,48401032.00,11209,25.31,42.60,-7.30
25-February-2021,1074.00,1100.00,1060.15,1095.90,1083.744934395402395993,47329,3224,51292564.00,14708,31.08,39.85,21.90
24-February-2021,1035.00,1090.00,1035.00,1059.55,1058.276731803011388244,78502,4087,83076840.00,37094,47.25,55.00,24.55
23-February-2021,1055.00,1071.30,1011.35,1030.00,1038.570341434402962882,73982,3437,76835511.00,18559,25.09,59.95,-25.00
22-February-2021,1065.00,1091.90,1041.00,1054.60,1071.388660091485190644,65803,3634,70500588.00,14415,21.91,50.90,-10.40
19-February-2021,1060.05,1082.75,1051.00,1060.80,1067.111205217244007791,35421,2540,37798146.00,10586,29.89,31.75,0.75
18-February-2021,1044.95,1074.10,1023.70,1053.15,1056.898470808936387925,35182,1900,37183802.00,14383,40.88,50.40,8.20
17-February-2021,1029.00,1052.00,1009.60,1039.85,1036.098683308188177204,29164,1988,30216782.00,11914,40.85,42.40,10.85
16-February-2021,1035.60,1035.60,1007.00,1017.05,1017.514792342787263063,21261,1313,21633382.00,6988,32.87,28.60,-18.55
15-February-2021,1040.00,1047.60,1026.50,1035.40,1036.901592577892438975,40312,2430,41799577.00,9917,24.60,21.10,-4.60
12-February-2021,995.70,1048.30,995.70,1025.85,1023.763811720306111751,76312,4050,78125464.00,15448,20.24,52.60,30.15
11-February-2021,1009.90,1015.90,991.00,994.15,998.179459459459459459,21275,1377,21236268.00,8845,41.57,24.90,-15.75
10-February-2021,1023.80,1023.80,993.00,1007.50,1006.637529481132075471,27136,1484,27316116.00,9151,33.72,30.80,-16.30
9-February-2021,1041.50,1043.95,1010.00,1014.85,1022.980425877864982333,31981,2148,32715937.00,9971,31.18,33.95,-26.65
8-February-2021,1022.45,1064.95,1021.25,1033.70,1045.446058659051698494,84045,6107,87864514.00,27267,32.44,43.70,11.25
5-February-2021,979.00,1019.00,969.70,1013.00,998.038769380349670989,57597,4068,57484039.00,22171,38.49,49.30,34.00
4-February-2021,973.00,978.35,964.05,976.15,972.625724237248400817,59718,4079,58083263.00,35799,59.95,14.30,3.15
3-February-2021,972.00,977.00,951.00,964.80,963.365073134451698206,48404,3053,46630723.00,16055,33.17,26.00,-7.20
2-February-2021,915.00,940.00,915.00,933.35,925.272565512779035910,24728,1802,22880140.00,7257,29.35,25.00,18.35
1-February-2021,937.50,947.55,906.20,908.80,924.431742677850896732,78563,6417,72626131.00,28521,36.30,41.35,-28.70
29-January-2021,930.05,942.00,922.05,927.40,931.197733638910109498,15708,1195,14627254.00,7227,46.01,19.95,-2.65
28-January-2021,914.50,929.00,884.00,922.20,914.615193698068414805,37068,3497,33902956.00,20008,53.98,45.00,7.70
27-January-2021,936.05,945.00,912.10,916.25,927.952665941240478781,34922,3639,32405963.00,18968,54.32,32.90,-19.80
25-January-2021,967.70,967.70,932.60,944.95,948.851308806332643698,22234,1677,21096760.00,6443,28.98,35.10,-22.75
22-January-2021,966.00,974.55,942.40,947.80,952.746682341238441887,44233,4384,42142844.00,19218,43.45,32.15,-18.20
21-January-2021,974.00,975.55,966.00,969.20,970.386205419299560886,18674,1654,18120992.00,7371,39.47,9.55,-4.80
20-January-2021,977.10,980.65,957.65,969.80,969.646256570535587441,21117,1509,20476020.00,6077,28.78,23.00,-7.30
19-January-2021,980.00,988.30,966.20,969.85,974.139983053425163490,46027,3565,44836741.00,15867,34.47,22.10,-10.15
18-January-2021,979.00,979.00,941.35,962.15,955.626318924438393464,70512,3589,67383123.00,10956,15.54,37.65,-16.85
15-January-2021,1020.00,1020.00,950.55,965.70,986.712795655491225708,111405,7683,109924739.00,26929,24.17,69.45,-54.30
14-January-2021,1014.00,1047.00,967.50,1009.00,1009.959712710262861425,437607,24651,441965440.00,92601,21.16,79.50,-5.00
13-January-2021,901.35,939.90,900.85,920.90,922.168827700077700077,41184,2327,37978601.00,9161,22.24,39.05,19.55
12-January-2021,908.00,915.00,897.25,901.35,904.992794520547945205,36500,3209,33032237.00,14232,38.99,17.75,-6.65
11-January-2021,930.00,930.00,905.00,907.95,915.482516819861650715,21106,1539,19322174.00,10224,48.44,25.00,-22.05
8-January-2021,933.90,940.45,909.65,912.30,925.108759685559370368,53301,4123,49309222.00,22921,43.00,30.80,-21.60
7-January-2021,949.00,967.45,926.30,931.00,942.024429653209858679,41466,2308,39061985.00,10689,25.78,41.15,-18.00
6-January-2021,931.10,960.10,931.10,943.70,947.008599110639926966,67914,4397,64315142.00,22586,33.26,29.00,12.60
5-January-2021,872.00,941.00,866.00,921.15,909.785134094070079468,193409,12277,175960633.00,86399,44.67,75.00,49.15
4-January-2021,858.10,891.00,858.00,887.05,876.292699365828252810,32641,2035,28603070.00,14484,44.37,33.00,28.95
1-January-2021,849.00,863.00,847.80,856.60,856.318855932203389830,27376,2298,23442585.00,15916,58.14,15.20,7.60
31-December-2020,839.95,855.00,839.95,846.40,847.983834604499448361,20847,1258,17677919.00,4340,20.82,15.05,6.45
30-December-2020,842.45,842.45,823.45,830.90,829.380450640298265521,12338,841,10232896.00,3842,31.14,19.00,-11.55
29-December-2020,822.00,845.50,818.00,835.95,834.099924411423093232,54241,3298,45242414.00,21039,38.79,27.50,13.95
28-December-2020,824.00,829.40,818.65,822.00,823.336030534351145038,19650,1405,16178553.00,10118,51.49,10.75,-2.00
24-December-2020,810.00,826.95,809.00,822.60,820.289454448800584756,15049,848,12344536.00,3808,25.30,17.95,12.60
23-December-2020,795.00,808.00,793.15,804.80,803.188219271365338781,29370,1756,23589638.00,10823,36.85,14.85,9.80
22-December-2020,798.50,810.40,760.20,795.20,784.383961207716199370,94658,5646,74248217.00,37695,39.82,50.20,-3.30
21-December-2020,861.00,865.00,787.00,800.10,823.464414807428642652,96276,6458,79279860.00,43605,45.29,78.00,-60.90
18-December-2020,870.00,878.60,855.60,864.10,865.946109782548245370,35962,2281,31141154.00,14516,40.36,23.00,-5.90
17-December-2020,866.85,875.00,864.90,866.95,869.390644188902534330,26871,1782,23361396.00,11385,42.37,10.10,0.10
16-December-2020,876.50,884.50,869.10,880.15,876.496281300884566298,22723,984,19916625.00,8454,37.20,15.40,3.65
15-December-2020,888.75,888.75,867.00,871.30,873.164715922945623018,16404,826,14323394.00,7510,45.78,21.75,-17.45
14-December-2020,856.50,877.00,856.50,872.85,869.888127003055824700,40251,2508,35013867.00,19632,48.77,20.50,16.35
11-December-2020,872.00,876.10,854.00,857.15,865.972455864682503003,10819,917,9368956.00,5602,51.78,22.10,-14.85
10-December-2020,880.00,885.50,848.70,865.95,863.764781285050472680,49928,3352,43126048.00,20591,41.24,36.80,-14.05
9-December-2020,879.05,894.40,872.85,878.05,884.699100888079872028,108774,6735,96232260.00,56340,51.80,21.55,-1.00
8-December-2020,868.00,873.95,855.00,864.80,863.982382585863719137,23613,1529,20401216.00,10350,43.83,18.95,-3.20
7-December-2020,846.95,870.90,846.95,866.30,860.573199955416852429,35888,2300,30884251.00,15740,43.86,23.95,19.35
4-December-2020,851.00,858.50,835.50,842.60,847.122671313183949973,61408,4025,52020109.00,24919,40.58,23.00,-8.40
3-December-2020,835.00,852.90,830.50,847.95,844.384575855798877381,25298,1858,21361241.00,11403,45.07,22.40,12.95
2-December-2020,833.95,834.00,820.05,827.05,827.364068441064638783,9468,712,7833483.00,3888,41.06,13.95,-6.90
1-December-2020,822.00,834.30,817.30,829.45,826.538522718526310388,38977,4129,32215992.00,27031,69.35,17.00,7.45
27-November-2020,815.00,825.90,805.30,818.85,816.978804074733908912,21891,1626,17884483.00,7697,35.16,20.60,3.85
26-November-2020,806.00,818.00,803.70,810.35,811.122272126816380449,37850,3456,30700978.00,16302,43.07,14.30,4.35
25-November-2020,791.10,817.50,790.45,808.50,805.587319618736576794,112678,10164,90771968.00,57342,50.89,27.05,17.40
24-November-2020,780.00,797.70,774.30,791.95,786.994677247653150101,20666,1478,16264032.00,9672,46.80,23.40,11.95
23-November-2020,783.50,783.50,752.80,771.75,769.150079323109465891,9455,781,7272314.00,3652,38.62,30.70,-11.75
20-November-2020,771.35,784.70,768.80,772.00,773.652517759036987787,28577,2535,22108668.00,15957,55.84,15.90,0.65
19-November-2020,767.50,789.40,762.45,774.30,776.313561098302242716,19084,1584,14815168.00,8625,45.19,26.95,6.80
18-November-2020,766.00,778.10,765.20,767.60,770.165025176552554074,31577,2589,24319501.00,17714,56.10,12.90,1.60
17-November-2020,780.00,786.00,761.60,779.90,774.967722679401355903,70359,5169,54525954.00,38352,54.51,24.40,-0.10
14-November-2020,780.00,787.25,771.00,776.30,779.115643019626514309,18903,966,14727623.00,11447,60.56,16.25,-3.70
13-November-2020,755.00,767.50,742.05,759.90,756.466113480437604301,21572,1791,16318487.00,7952,36.86,25.45,4.90
12-November-2020,735.00,760.00,722.85,755.35,743.103437495347694689,67171,5922,49915001.00,33291,49.56,37.15,20.35
11-November-2020,730.35,733.90,717.00,731.60,727.633831461667698293,11309,902,8228811.00,3791,33.52,16.90,1.25
10-November-2020,715.10,735.00,707.05,724.10,720.549925925925925925,27000,1664,19454848.00,15265,56.54,27.95,9.00
9-November-2020,707.00,723.95,699.00,718.35,708.397583147351804474,18371,1381,13013972.00,6074,33.06,24.95,11.35
6-November-2020,702.15,719.00,697.60,702.10,704.988554482623400813,40802,1287,28764943.00,24674,60.47,21.40,-0.05
5-November-2020,665.55,715.00,664.35,700.60,697.956692564473723080,135404,9109,94506128.00,42420,31.33,50.65,35.05
4-November-2020,670.10,674.00,660.00,661.05,664.197596087297559175,43346,4047,28790309.00,20364,46.98,14.00,-9.05
3-November-2020,682.00,682.00,670.10,672.80,676.231947991641513814,8614,827,5825062.00,3847,44.66,11.90,-9.20
2-November-2020,690.00,691.70,671.10,674.85,680.183463516860354353,36743,4099,24991981.00,19137,52.08,20.60,-15.15
30-October-2020,695.00,704.30,685.00,687.70,691.837427008990638613,10789,1036,7464234.00,5147,47.71,19.30,-7.30
29-October-2020,700.55,707.40,690.80,694.80,697.518221050107887796,8342,690,5818697.00,3070,36.80,16.60,-5.75
28-October-2020,702.00,712.40,696.25,700.55,703.742846594055750415,10834,754,7624350.00,5073,46.82,16.15,-1.45
27-October-2020,701.05,708.85,690.10,700.25,700.442743553540908077,13457,1025,9425858.00,5365,39.87,18.75,-0.80
26-October-2020,726.00,726.00,695.75,700.85,701.435009797517962116,30620,3244,21477940.00,23504,76.76,30.25,-25.15
23-October-2020,737.00,737.00,716.05,717.80,721.663695577648268769,8751,707,6315279.00,3102,35.45,20.95,-19.20
22-October-2020,700.00,732.60,699.95,725.05,722.884798397195091409,31944,2384,23091832.00,9104,28.50,32.65,25.05
21-October-2020,727.95,727.95,693.45,698.50,706.360121836925960637,29876,2570,21103215.00,13833,46.30,34.50,-29.45
20-October-2020,748.45,748.45,716.00,717.40,723.555044924557261980,111409,8583,80610544.00,64993,58.34,32.45,-31.05
19-October-2020,748.00,751.00,740.20,741.60,743.418099022277780258,22399,2250,16651822.00,9853,43.99,10.80,-6.40
16-October-2020,749.50,757.50,740.05,744.90,744.998722119325657635,316931,3235,236113190.00,13614,4.30,17.45,-4.60
15-October-2020,777.70,777.70,742.25,745.85,755.919734271199687377,12795,1438,9671993.00,6432,50.27,35.45,-31.85
14-October-2020,756.10,787.50,756.10,768.60,772.230031895249286553,59570,4643,46001743.00,13460,22.60,31.40,12.50
13-October-2020,761.20,776.00,753.00,755.70,760.228800710999581764,38256,4088,29083313.00,17049,44.57,23.00,-5.50
12-October-2020,804.70,804.70,767.00,769.15,776.062842162078803300,12969,1205,10064759.00,5502,42.42,37.70,-35.55
9-October-2020,798.10,805.00,781.00,785.15,789.518250094976475057,34219,2997,27016525.00,14881,43.49,24.00,-12.95
8-October-2020,811.10,820.00,795.00,798.65,806.832123130391609259,32226,2768,26000972.00,11936,37.04,25.00,-12.45
7-October-2020,823.95,823.95,807.00,809.90,812.557111000991080277,8072,746,6558961.00,3388,41.97,16.95,-14.05
6-October-2020,829.65,829.65,815.50,820.90,822.088660201860281021,10106,956,8308028.00,3746,37.07,14.15,-8.75
5-October-2020,800.00,824.70,792.00,820.40,810.398165237216371729,18422,1510,14929155.00,5357,29.08,32.70,20.40
1-October-2020,814.00,822.00,795.70,798.95,809.396712328767123287,47450,4044,38405874.00,15861,33.43,26.30,-15.05
30-September-2020,782.80,809.95,766.00,806.40,792.510814678799989198,37033,3043,29349053.00,8977,24.24,43.95,23.60
29-September-2020,786.00,798.00,780.50,783.05,789.564390324855827075,48206,4170,38061741.00,15367,31.88,17.50,-2.95
28-September-2020,777.60,782.95,768.30,778.25,775.822511304657741741,44893,3282,34829000.00,13717,30.55,14.65,0.65
25-September-2020,783.00,796.25,763.00,767.75,778.541087366212708459,28123,2453,21894911.00,8736,31.06,33.25,-15.25
24-September-2020,759.90,812.00,746.55,778.15,783.292340561104968234,53359,3440,41795696.00,10345,19.39,65.45,18.25
23-September-2020,777.40,787.00,759.05,770.05,771.963726974514256876,15852,1335,12237169.00,5340,33.69,27.95,-7.35
22-September-2020,797.00,797.00,755.15,775.10,768.273062641655012779,41474,3032,31863357.00,18881,45.52,41.85,-21.90
21-September-2020,846.00,849.35,793.10,798.75,818.742832112137623446,25112,2319,20560270.00,11386,45.34,56.25,-47.25
18-September-2020,831.40,850.00,831.40,841.85,839.215797001017353994,67823,5723,56918133.00,27807,41.00,18.60,10.45
17-September-2020,838.10,845.80,828.05,830.65,834.329527018594783476,16026,1152,13370965.00,7076,44.15,17.75,-7.45
16-September-2020,845.05,851.25,838.05,840.85,843.928183552663764003,20441,1652,17250736.00,6917,33.84,13.20,-4.20
15-September-2020,843.95,860.00,823.00,841.45,843.917826645199421199,49067,2742,41408516.00,19422,39.58,37.00,-2.50
14-September-2020,855.90,864.25,831.05,833.80,846.083502452223913411,23652,2100,20011567.00,11354,48.00,33.20,-22.10
11-September-2020,864.75,875.00,834.00,852.40,858.606026394247632409,91232,5867,78332345.00,30046,32.93,41.00,-12.35
10-September-2020,849.40,878.60,848.35,864.75,863.688529453988610805,104485,7323,90242496.00,24832,23.77,30.25,15.35
9-September-2020,870.00,870.00,836.00,839.05,842.912905720629693386,40083,3253,33786478.00,17839,44.51,34.00,-30.95
8-September-2020,891.75,910.00,864.00,869.70,884.201865706979827635,42236,2762,37345150.00,16235,38.44,46.00,-22.05
7-September-2020,914.50,924.00,889.00,891.75,898.432919742421862729,31835,2112,28601612.00,10930,34.33,35.00,-22.75
4-September-2020,912.00,926.80,905.20,910.75,915.461319819323565054,45385,2810,41548212.00,16054,35.37,21.60,-1.25
3-September-2020,896.00,937.90,891.80,925.15,920.637202893558387874,174180,11625,160356588.00,51437,29.53,46.10,29.15
2-September-2020,890.00,919.00,887.05,894.45,903.199625570584151959,47539,3458,42937207.00,18122,38.12,31.95,4.45
1-September-2020,925.85,925.85,871.10,891.70,898.089457705700346269,103099,7528,92592125.00,37063,35.95,54.75,-34.15
31-August-2020,981.05,987.60,920.00,925.85,957.375870751632125237,438845,26310,420139614.00,195542,44.56,67.60,-55.20
28-August-2020,983.60,1034.00,980.20,1010.85,1009.397417868506457774,408887,22525,412729482.00,114732,28.06,53.80,27.25
27-August-2020,1045.25,1065.65,1008.05,1010.95,1030.991784352069875767,350794,20723,361665732.00,191675,54.64,57.60,-34.30
26-August-2020,1157.30,1208.80,1151.00,1177.75,1177.320145423438836612,37408,2654,44041192.00,6452,17.25,57.80,20.45
25-August-2020,1214.95,1214.95,1160.25,1171.85,1176.425357456095620780,49027,4839,57676606.00,19772,40.33,54.70,-43.10
24-August-2020,1228.00,1228.00,1191.60,1197.15,1206.404588733139381116,15124,1499,18245663.00,6706,44.34,36.40,-30.85
21-August-2020,1215.00,1256.85,1201.40,1211.15,1228.539167019121608084,44923,3237,55189665.00,8237,18.34,55.45,-3.85
20-August-2020,1254.15,1254.15,1165.60,1201.40,1215.525768743521824254,69464,4284,84435282.00,20369,29.32,88.55,-52.75
19-August-2020,1305.00,1360.00,1250.00,1261.75,1281.628663672840326309,75266,5529,96463063.00,24292,32.27,110.00,-43.25
18-August-2020,1254.70,1312.00,1243.15,1273.40,1280.538417764288847526,84349,6377,108012135.00,12491,14.81,68.85,18.70
17-August-2020,1326.00,1369.90,1231.90,1250.15,1274.727654895389978083,133687,10523,170414516.00,33055,24.73,138.00,-75.85
14-August-2020,1320.00,1423.55,1207.45,1295.20,1331.345146528071184594,392894,31236,523077520.00,74380,18.93,216.10,-24.80
13-August-2020,1108.00,1323.20,1108.00,1300.75,1241.133437301659261945,275725,20424,342211517.00,67679,24.55,215.20,192.75
12-August-2020,1048.00,1126.00,1041.00,1102.70,1093.239418682278025984,97365,7403,106443256.00,16568,17.02,85.00,54.70
11-August-2020,1036.80,1048.95,1002.00,1018.50,1018.628022709749772201,14267,1684,14532766.00,6097,42.73,46.95,-18.30
10-August-2020,1035.00,1070.40,1006.45,1030.75,1033.888806746618476534,73044,6155,75519374.00,20294,27.78,63.95,-4.25
7-August-2020,969.90,975.45,941.80,947.90,959.272502767606233500,11743,992,11264737.00,3845,32.74,33.65,-22.00
6-August-2020,970.00,986.70,949.40,963.85,968.291146165770037384,21934,1433,21238498.00,6072,27.68,37.30,-6.15
5-August-2020,980.00,985.00,936.40,965.20,968.137349092977687883,47463,3375,45950703.00,10429,21.97,48.60,-14.80
4-August-2020,907.90,957.80,900.20,949.90,941.070899335717935615,54796,4895,51566921.00,11963,21.83,57.60,42.00
3-August-2020,871.00,904.55,861.00,894.05,881.797123130034522439,8690,937,7662817.00,2483,28.57,43.55,23.05
31-July-2020,886.00,886.00,865.60,872.10,873.548569527611443779,6012,634,5251774.00,2297,38.21,20.40,-13.90
30-July-2020,912.10,912.55,877.45,879.10,888.938772239140887962,12478,941,11092178.00,6334,50.76,35.10,-33.00
29-July-2020,911.00,930.20,902.70,908.65,916.221328753220391911,12809,1173,11735879.00,4098,31.99,27.50,-2.35
28-July-2020,872.00,913.40,872.00,902.05,897.145591170599976517,8517,881,7640989.00,2035,23.89,41.40,30.05
27-July-2020,910.00,917.30,884.00,889.30,897.915391797744738921,27846,2393,25003352.00,7436,26.70,33.30,-20.70
24-July-2020,928.00,935.55,906.00,909.70,912.636441976254308693,20888,1728,19063150.00,8509,40.74,29.55,-18.30
23-July-2020,900.00,952.70,900.00,933.10,937.622549454448682693,33819,2611,31709457.00,7717,22.82,52.70,33.10
22-July-2020,915.10,936.25,898.20,908.20,916.254762673555053277,18582,1597,17025846.00,4911,26.43,38.05,-6.90
21-July-2020,925.00,940.00,910.70,915.00,924.159858409960126942,24578,2308,22714001.00,9531,38.78,29.30,-10.00
20-July-2020,941.00,954.45,902.80,923.85,931.604173714855504709,56161,4101,52319822.00,17176,30.58,51.65,-17.15
17-July-2020,845.00,944.95,833.55,937.50,909.451439965139771031,75731,6224,68873667.00,11320,14.95,111.40,92.50
16-July-2020,896.00,896.00,826.20,840.35,841.502525702739644618,16827,1237,14159963.00,6170,36.67,69.80,-55.65
15-July-2020,912.00,914.75,855.00,865.50,882.459676289237668161,28544,2742,25188929.00,11287,39.54,59.75,-46.50
14-July-2020,945.00,947.90,902.00,905.05,922.562088875895336939,27364,2350,25244989.00,12065,44.09,45.90,-39.95
13-July-2020,945.90,964.80,924.00,929.90,937.897308934337997847,18580,1239,17426132.00,5946,32.00,40.80,-16.00
10-July-2020,905.00,975.00,890.00,942.10,947.634279952033140739,73384,5120,69541194.00,9184,12.51,85.00,37.10
9-July-2020,974.15,974.15,901.00,928.90,928.272045385318306427,52528,4074,48760274.00,8860,16.87,73.15,-45.25
8-July-2020,994.00,1014.00,938.00,943.75,974.282362063823441694,83825,6611,81669219.00,29259,34.90,76.00,-50.25
7-July-2020,960.00,1028.00,930.30,980.95,993.115185657216908890,186742,12012,185456316.00,25243,13.52,97.70,20.95
6-July-2020,857.65,994.55,825.05,951.25,927.310568734793187347,197280,14764,182939829.00,23818,12.07,169.50,93.60
3-July-2020,811.25,865.00,805.00,851.65,840.693795319426784425,116396,9192,97853395.00,25098,21.56,60.00,40.40
2-July-2020,755.10,788.40,755.10,772.05,764.996521464147363427,12649,1332,9676441.00,6178,48.84,33.30,16.95
1-July-2020,760.25,778.00,760.25,763.75,767.096465147010241162,3027,363,2322001.00,1177,38.88,17.75,3.50
30-June-2020,784.95,792.00,761.60,770.30,776.028186443008387185,14546,1750,11288106.00,5597,38.48,30.40,-14.65
29-June-2020,765.00,813.25,744.00,761.55,783.475393612235717498,33345,3882,26124987.00,11788,35.35,69.25,-3.45
26-June-2020,795.90,796.00,754.70,762.70,768.427557607626865033,23391,2360,17974289.00,7069,30.22,41.30,-33.20
25-June-2020,667.25,817.30,667.25,786.30,780.725865256682736336,57873,4679,45182948.00,11925,20.61,150.05,119.05
24-June-2020,714.90,714.95,695.85,697.85,703.949907235621521335,2156,339,1517716.00,1254,58.16,19.10,-17.05
23-June-2020,714.95,716.65,707.30,711.05,711.098591549295774647,3266,518,2322448.00,1827,55.94,9.35,-3.90
22-June-2020,711.30,720.00,706.65,713.85,711.194802069546384309,8311,670,5910740.00,1769,21.28,13.35,2.55
19-June-2020,710.00,720.00,700.10,706.85,710.397084212545559178,10426,1082,7406600.00,6054,58.07,19.90,-3.15
18-June-2020,706.90,727.00,703.85,714.35,716.904963338973491257,3546,603,2542145.00,1870,52.74,23.15,7.45
17-June-2020,722.00,736.00,701.30,706.90,716.798674168569996100,17951,2483,12867253.00,5944,33.11,34.70,-15.10
16-June-2020,669.95,736.20,651.00,706.85,695.720244150559511698,8847,1119,6155037.00,4023,45.47,85.20,36.90
15-June-2020,660.00,670.90,646.65,657.50,662.835668307459295721,2641,541,1750549.00,1150,43.54,24.25,-2.50
12-June-2020,639.90,658.40,627.00,654.80,645.317565531786682735,3319,651,2141809.00,1551,46.73,31.40,14.90
11-June-2020,655.05,673.70,652.75,662.30,666.881746677515595334,7374,926,4917586.00,3209,43.52,20.95,7.25
10-June-2020,669.00,669.00,653.35,655.10,655.739022881880024737,1617,319,1060330.00,808,49.97,15.65,-13.90
9-June-2020,653.65,659.35,649.50,655.95,654.903979238754325259,2312,408,1514138.00,1058,45.76,9.85,2.30
8-June-2020,647.00,677.55,633.25,659.35,658.518142441241212809,14083,1702,9273911.00,5633,40.00,44.30,12.35
5-June-2020,604.25,635.70,601.00,630.40,623.144887511787686919,14846,1823,9251209.00,6282,42.31,34.70,26.15
4-June-2020,585.00,608.40,585.00,598.65,598.017695515102206854,9833,1300,5880308.00,5152,52.39,23.40,13.65
3-June-2020,566.00,602.70,562.90,584.35,587.268028492376523223,16987,2256,9975922.00,5210,30.67,39.80,18.35
2-June-2020,560.00,572.50,560.00,565.45,566.726682255131202909,3849,405,2181331.00,1001,26.01,12.50,5.45
1-June-2020,580.00,580.00,558.85,560.20,565.055514157973174366,5368,753,3033218.00,2478,46.16,21.15,-19.80
29-May-2020,559.00,560.00,549.20,555.50,554.730944254835039817,1758,334,975217.00,803,45.68,10.80,-3.50
28-May-2020,533.30,580.00,532.75,555.50,564.575446649565726114,22221,2540,12545431.00,4114,18.51,47.25,22.20
27-May-2020,534.50,534.50,524.20,529.20,528.225069637883008356,1795,313,948164.00,913,50.86,10.30,-5.30
26-May-2020,535.20,539.40,530.10,531.85,534.399834437086092715,1208,243,645555.00,534,44.21,9.30,-3.35
22-May-2020,546.90,546.90,532.15,535.20,538.258374040474528960,5732,1175,3085297.00,3892,67.90,14.75,-11.70
21-May-2020,548.00,548.00,530.00,533.05,539.379696769940672379,1517,270,818239.00,733,48.32,18.00,-14.95
20-May-2020,526.00,534.00,517.20,530.20,527.091403004154682007,3129,356,1649269.00,983,31.42,16.80,4.20
19-May-2020,566.75,566.75,521.00,525.95,540.535464302379841343,8572,1200,4633470.00,2744,32.01,45.75,-40.80
18-May-2020,550.00,576.00,535.55,545.30,553.090043119240199532,35483,4168,19625294.00,9841,27.73,40.45,-4.70
15-May-2020,509.80,527.95,505.20,523.50,519.645239998317277354,23771,2174,12352487.00,11137,46.85,22.75,13.70
14-May-2020,501.10,509.35,496.90,498.55,501.722885032537960954,1844,366,925177.00,1304,70.72,12.45,-2.55
13-May-2020,508.00,521.75,500.00,506.25,510.734433731001797679,6119,872,3125184.00,2979,48.68,21.75,-1.75
12-May-2020,496.00,499.00,490.00,493.55,493.234079303094022228,13316,464,6567905.00,11547,86.72,9.00,-2.45
11-May-2020,507.70,507.70,496.00,496.65,498.956552207428170988,2854,324,1424022.00,1441,50.49,11.70,-11.05
8-May-2020,519.65,519.65,500.00,501.35,507.820481927710843373,2490,383,1264473.00,1020,40.96,19.65,-18.30
7-May-2020,500.00,530.70,500.00,509.45,517.320942215679057784,13585,1499,7027805.00,2518,18.54,30.70,9.45
6-May-2020,506.55,510.00,500.05,504.05,505.753544902093180283,1481,292,749021.00,815,55.03,9.95,-2.50
5-May-2020,518.00,518.00,501.00,504.05,508.694122516556291390,2416,536,1229005.00,1534,63.49,17.00,-13.95
4-May-2020,530.00,530.00,505.05,510.25,510.756238003838771593,4689,671,2394936.00,2227,47.49,24.95,-19.75
30-April-2020,530.50,532.00,526.00,526.80,529.240701381509032943,1882,451,996031.00,1254,66.63,6.00,-3.70
29-April-2020,521.35,529.60,514.00,526.05,523.885658914728682170,1548,410,810975.00,763,49.29,15.60,4.70
28-April-2020,529.60,530.40,519.50,520.25,524.577889447236180904,1791,326,939519.00,1297,72.42,10.90,-9.35
27-April-2020,538.95,538.95,526.05,528.50,531.649840595111583421,1882,461,1000565.00,933,49.57,12.90,-10.45
24-April-2020,535.30,551.40,531.00,532.00,535.064183123877917414,2228,430,1192123.00,1570,70.47,20.40,-3.30
23-April-2020,549.45,553.00,542.15,544.65,548.189448441247002398,1668,392,914380.00,912,54.68,10.85,-4.80
22-April-2020,568.00,568.00,537.00,541.05,540.789038262668045501,967,194,522943.00,575,59.46,31.00,-26.95
21-April-2020,569.95,569.95,537.30,547.05,547.619243046055631554,2193,356,1200929.00,1243,56.68,32.65,-22.90
20-April-2020,570.60,570.90,562.00,564.80,566.515151515151515151,2409,359,1364735.00,1193,49.52,8.90,-5.80
17-April-2020,574.90,580.70,554.10,559.60,566.510618304829919188,5321,603,3014403.00,2308,43.38,26.60,-15.30
16-April-2020,558.00,574.85,547.55,561.65,561.607476635514018691,4922,679,2764232.00,1855,37.69,27.30,3.65
15-April-2020,571.00,575.00,551.00,554.20,561.124548301614068899,4151,512,2329228.00,2112,50.88,24.00,-16.80
13-April-2020,576.00,594.95,561.00,563.60,571.884555899248784798,9052,1158,5176699.00,3568,39.42,33.95,-12.40
9-April-2020,550.05,555.55,545.65,547.85,550.824938067712634186,2422,443,1334098.00,1009,41.66,9.90,-2.20
8-April-2020,535.95,615.00,535.05,546.00,570.251981285209586555,10473,1690,5972249.00,3256,31.09,79.95,10.05
7-April-2020,529.25,542.35,527.00,534.90,533.565482597775385719,2787,505,1487047.00,1952,70.04,15.35,5.65
3-April-2020,536.00,536.00,523.00,528.80,529.894416243654822335,985,167,521946.00,686,69.64,13.00,-7.20
1-April-2020,566.00,566.00,527.65,532.70,543.986820871436256051,3718,625,2022543.00,1688,45.40,38.35,-33.30
31-March-2020,517.20,534.95,514.00,532.95,530.532230132768905137,10394,263,5514352.00,9961,95.83,20.95,15.75
30-March-2020,526.00,526.00,504.60,513.45,513.309178743961352657,828,219,425020.00,490,59.18,21.40,-12.55
27-March-2020,538.00,594.75,516.00,525.00,540.534867414584395716,15688,932,8479911.00,11669,74.38,78.75,-13.00
26-March-2020,483.50,505.40,472.90,495.65,493.796261682242990654,1070,253,528362.00,637,59.53,32.50,12.15
25-March-2020,479.00,491.95,472.80,482.35,482.392729864575908766,1403,192,676797.00,869,61.94,19.15,3.35
24-March-2020,504.00,515.00,448.00,481.75,486.377791373508718262,3269,420,1589969.00,1802,55.12,67.00,-22.25
23-March-2020,564.00,564.00,498.15,504.90,508.177210765466620062,2861,434,1453895.00,1684,58.86,65.85,-59.10
20-March-2020,568.70,582.80,555.55,572.50,568.151940755873340143,3916,745,2224883.00,2377,60.70,27.25,3.80
19-March-2020,550.00,583.45,490.00,556.00,555.572815533980582524,5047,866,2803976.00,2218,43.95,93.45,6.00
18-March-2020,570.05,590.00,542.00,551.00,556.913732027505730360,4799,750,2672629.00,2251,46.91,48.00,-19.05
17-March-2020,612.90,612.90,546.00,549.95,561.834708900289984385,8966,1514,5037410.00,4952,55.23,66.90,-62.95
16-March-2020,520.75,578.00,518.50,558.70,546.088242088242088242,4329,648,2364016.00,2126,49.11,59.50,37.95
13-March-2020,538.35,580.00,475.00,534.70,520.034153005464480874,5124,699,2664655.00,2752,53.71,105.00,-3.65
12-March-2020,581.00,581.00,536.90,538.80,548.187976539589442815,3410,566,1869321.00,1985,58.21,44.10,-42.20
11-March-2020,592.00,605.75,585.00,588.00,596.995823665893271461,4310,444,2573052.00,1971,45.73,20.75,-4.00
9-March-2020,621.60,621.60,585.00,591.50,598.678493987778434851,5073,730,3037096.00,2615,51.55,36.60,-30.10
6-March-2020,637.40,637.40,615.00,620.60,627.530916314874596473,4027,603,2527067.00,1680,41.72,22.40,-16.80
5-March-2020,644.05,663.45,641.05,643.90,652.666819852941176470,2176,330,1420203.00,986,45.31,22.40,-0.15
4-March-2020,675.00,675.00,637.40,644.90,648.214849061735110144,3677,553,2383486.00,1176,31.98,37.60,-30.10
3-March-2020,666.00,686.80,666.00,672.85,677.097890295358649789,1185,243,802361.00,491,41.43,20.80,6.85
2-March-2020,708.00,708.00,654.25,666.10,690.494471586526099254,3889,510,2685333.00,1637,42.09,53.75,-41.90
28-February-2020,702.00,706.80,678.50,684.55,695.242879019908116385,3265,430,2269968.00,1716,52.56,28.30,-17.45
27-February-2020,706.35,739.80,702.85,724.10,719.542091152815013404,5595,860,4025838.00,1838,32.85,36.95,17.75
26-February-2020,718.00,722.75,698.95,705.30,710.320906282183316168,4855,466,3448608.00,1437,29.60,23.80,-12.70
25-February-2020,729.70,741.95,710.00,713.60,730.753103448275862068,10875,1403,7946940.00,2062,18.96,31.95,-16.10
24-February-2020,737.00,745.00,708.40,712.80,732.826501035196687370,4830,652,3539552.00,2622,54.29,36.60,-24.20
20-February-2020,745.00,754.00,733.00,737.75,745.780617408906882591,3952,739,2947325.00,1614,40.84,21.00,-7.25
19-February-2020,719.80,784.30,719.45,744.90,761.381839642525925301,23722,3222,18061500.00,2930,12.35,64.85,25.10
18-February-2020,720.00,723.80,699.65,705.00,710.561949196474857439,1929,353,1370674.00,986,51.11,24.15,-15.00
17-February-2020,752.00,780.55,709.25,723.65,736.502508960573476702,9765,1988,7191947.00,5973,61.17,71.30,-28.35
14-February-2020,761.00,761.00,744.90,749.70,754.573068094873756694,1307,226,986227.00,702,53.71,16.10,-11.30
13-February-2020,776.40,790.00,756.00,761.60,772.931960784313725490,5100,794,3941953.00,1583,31.04,34.00,-14.80
12-February-2020,778.75,780.00,766.15,776.40,771.667808219178082191,584,105,450654.00,370,63.36,13.85,-2.35
11-February-2020,784.75,784.75,764.40,767.20,773.397908979089790897,1626,257,1257545.00,1186,72.94,20.35,-17.55
10-February-2020,780.00,785.00,772.50,774.40,781.124168514412416851,1804,478,1409148.00,1018,56.43,12.50,-5.60
7-February-2020,796.75,810.00,773.40,778.95,792.382246376811594202,2208,463,1749580.00,1436,65.04,36.60,-17.80
6-February-2020,820.00,825.25,799.40,801.10,815.057350565428109854,2476,276,2018082.00,1041,42.04,25.85,-18.90
5-February-2020,800.00,875.00,790.95,811.70,804.166101694915254237,2950,544,2372290.00,1054,35.73,84.05,11.70
4-February-2020,798.00,798.00,779.00,783.75,784.807098765432098765,1296,216,1017110.00,610,47.07,19.00,-14.25
3-February-2020,760.00,789.35,760.00,779.10,778.863400148478099480,1347,239,1049129.00,1018,75.58,29.35,19.10
1-February-2020,806.00,809.10,761.00,770.80,787.925505050505050505,1584,306,1248074.00,1193,75.32,48.10,-35.20
31-January-2020,822.00,824.45,800.95,802.95,809.624083129584352078,1636,274,1324545.00,903,55.20,23.50,-19.05
30-January-2020,821.85,830.10,792.20,811.60,811.269419460343417825,2446,453,1984365.00,1335,54.58,37.90,-10.25
29-January-2020,836.15,842.00,816.00,825.55,832.057104010876954452,1471,289,1223956.00,660,44.87,26.00,-10.60
28-January-2020,836.60,848.25,830.00,831.65,838.936969696969696969,825,137,692123.00,550,66.67,18.25,-4.95
27-January-2020,847.00,858.55,831.70,834.80,849.571851851851851851,1350,291,1146922.00,705,52.22,26.85,-12.20
24-January-2020,853.90,869.80,851.00,853.45,857.775241439859525899,1139,169,977006.00,577,50.66,18.80,-0.45
23-January-2020,860.35,877.00,846.90,853.70,859.465072667604313173,2133,338,1833239.00,972,45.57,30.10,-6.65
22-January-2020,877.00,896.35,854.10,859.35,877.292503430210802045,8017,977,7033254.00,2699,33.67,42.25,-17.65
21-January-2020,800.80,885.00,800.75,874.20,858.542295642267160353,14044,1344,12057368.00,4197,29.88,84.25,73.40
20-January-2020,823.00,823.00,799.20,804.90,807.242737896494156928,2995,380,2417692.00,1547,51.65,23.80,-18.10
17-January-2020,841.40,842.00,822.50,823.75,830.478486262312078797,1929,273,1601993.00,965,50.03,19.50,-17.65
16-January-2020,851.45,867.40,841.40,848.40,854.872761545711592836,4244,408,3628080.00,1274,30.02,26.00,-3.05
15-January-2020,851.00,863.65,832.05,852.25,850.169640914036996735,9190,1085,7813059.00,2182,23.74,31.60,1.25
14-January-2020,801.00,866.00,801.00,858.50,853.372522609197614008,20788,2584,17739908.00,5521,26.56,65.00,57.50
13-January-2020,751.20,807.60,751.20,803.65,793.373420007222824124,13845,2779,10984255.00,3549,25.63,56.40,52.45
10-January-2020,738.00,768.50,735.00,735.95,741.825779870512065921,1699,271,1260362.00,1343,79.05,33.50,-2.05
9-January-2020,748.35,748.35,733.90,735.10,736.633730834752981260,587,118,432404.00,377,64.22,14.45,-13.25
8-January-2020,731.00,745.70,731.00,734.40,738.755172413793103448,290,61,214239.00,166,57.24,14.70,3.40
7-January-2020,730.05,736.90,725.20,734.30,732.040090771558245083,1322,176,967757.00,582,44.02,11.70,4.25
6-January-2020,726.25,735.85,726.25,729.15,730.883495145631067961,824,159,602248.00,629,76.33,9.60,2.90
3-January-2020,736.25,754.40,724.80,736.30,739.481225296442687747,3036,902,2245065.00,953,31.39,29.60,0.05
2-January-2020,736.90,745.00,730.35,736.15,736.076388888888888888,1008,222,741965.00,604,59.92,14.65,-0.75
1-January-2020,737.50,737.50,729.15,729.55,730.911330049261083743,203,74,148375.00,97,47.78,8.35,-7.95
31-December-2019,729.60,735.00,727.30,731.60,731.944598337950138504,361,58,264232.00,256,70.91,7.70,2.00
30-December-2019,725.00,733.00,720.00,731.10,727.065081351689612015,799,106,580925.00,595,74.47,13.00,6.10
27-December-2019,712.20,727.30,712.10,716.65,718.272946859903381642,828,72,594730.00,656,79.23,15.20,4.45
26-December-2019,720.00,737.80,718.00,722.65,724.580000000000000000,900,178,652122.00,597,66.33,19.80,2.65
24-December-2019,723.90,729.05,713.65,716.35,721.295302013422818791,1192,142,859784.00,879,73.74,15.40,-7.55
23-December-2019,725.00,730.85,721.95,723.90,724.948051948051948051,462,93,334926.00,341,73.81,8.90,-1.10
20-December-2019,746.00,746.00,719.50,726.85,725.486899563318777292,1832,444,1329092.00,1155,63.05,26.50,-19.15
19-December-2019,741.80,744.25,732.00,735.85,737.537485582468281430,1734,116,1278890.00,1644,94.81,12.25,-5.95
18-December-2019,740.55,747.70,740.55,741.30,744.027967257844474761,1466,277,1090745.00,575,39.22,7.15,0.75
17-December-2019,741.00,761.15,735.50,746.20,746.923131672597864768,1405,109,1049427.00,1162,82.70,25.65,5.20
16-December-2019,755.60,761.00,750.00,755.00,755.935937500000000000,640,92,483799.00,533,83.28,11.00,-0.60
13-December-2019,765.90,770.10,756.50,758.75,761.552631578947368421,418,156,318329.00,284,67.94,13.60,-7.15
12-December-2019,762.15,772.00,740.10,759.10,755.372910863509749303,2872,319,2169431.00,1939,67.51,31.90,-3.05
11-December-2019,754.75,764.00,754.05,757.85,759.737837837837837837,370,38,281103.00,286,77.30,9.95,3.10
10-December-2019,754.00,765.80,751.25,757.60,757.135477582846003898,1026,204,776821.00,461,44.93,14.55,3.60
9-December-2019,755.00,761.80,750.00,754.55,757.810909090909090909,275,52,208398.00,175,63.64,11.80,-0.45
6-December-2019,765.00,772.50,760.00,764.85,766.541200406917599186,983,273,753510.00,812,82.60,12.50,-0.15
5-December-2019,772.85,773.35,760.10,769.55,766.801152737752161383,694,98,532160.00,490,70.61,13.25,-3.30
4-December-2019,770.50,775.30,768.00,772.60,771.655518394648829431,299,88,230725.00,155,51.84,7.30,2.10
3-December-2019,791.25,791.85,772.50,774.80,779.796949152542372881,2950,485,2300401.00,2252,76.34,19.35,-16.45
2-December-2019,774.65,783.95,774.35,781.55,780.000000000000000000,886,202,691080.00,512,57.79,9.60,6.90
29-November-2019,778.25,781.20,772.00,774.35,774.913619167717528373,1586,284,1229013.00,420,26.48,9.20,-3.90
28-November-2019,776.05,783.40,770.20,774.15,776.730886850152905198,654,185,507982.00,411,62.84,13.20,-1.90
27-November-2019,783.00,814.30,772.15,773.55,792.968045112781954887,3724,511,2953013.00,1381,37.08,42.15,-9.45
26-November-2019,782.65,792.50,774.40,775.50,781.053221288515406162,1071,233,836508.00,659,61.53,18.10,-7.15
25-November-2019,795.95,795.95,781.00,782.25,788.052441229656419529,553,153,435793.00,401,72.51,14.95,-13.70
22-November-2019,814.00,814.00,790.95,793.10,794.406885758998435054,1278,192,1015252.00,627,49.06,23.05,-20.90
21-November-2019,802.00,827.00,793.10,803.00,809.090948275862068965,2320,561,1877091.00,813,35.04,33.90,1.00
20-November-2019,796.00,827.50,781.00,804.05,811.419126133553173948,6065,852,4921257.00,1475,24.32,46.50,8.05
19-November-2019,795.00,798.40,781.80,783.05,788.877032520325203252,984,155,776255.00,538,54.67,16.60,-11.95
18-November-2019,805.00,814.00,793.00,795.60,799.942273534635879218,1126,207,900735.00,867,77.00,21.00,-9.40
15-November-2019,811.05,817.10,803.50,804.75,807.950549450549450549,1092,274,882282.00,630,57.69,13.60,-6.30
14-November-2019,805.00,820.65,785.00,803.05,807.855795677799607072,2545,413,2055993.00,908,35.68,35.65,-1.95
13-November-2019,785.20,821.80,785.20,802.25,810.310459026494146642,12984,1200,10521071.00,4606,35.47,36.60,17.05
11-November-2019,760.00,775.50,756.35,765.25,763.967839805825242718,1648,462,1259019.00,1010,61.29,19.15,5.25
8-November-2019,755.00,762.10,751.00,758.45,756.887955182072829131,1071,278,810627.00,603,56.30,11.10,3.45
7-November-2019,767.45,775.35,753.10,755.10,762.095623987034035656,2468,324,1880852.00,1642,66.53,22.25,-12.35
6-November-2019,784.00,784.00,774.65,777.60,777.172205438066465256,331,67,257244.00,263,79.46,9.35,-6.40
5-November-2019,780.00,786.60,776.85,783.00,779.887804878048780487,615,279,479631.00,490,79.67,9.75,3.00
4-November-2019,787.00,798.00,775.95,778.65,786.720343839541547277,1745,416,1372827.00,1237,70.89,22.05,-8.35
1-November-2019,766.50,793.00,762.60,787.70,776.578644501278772378,3128,456,2429138.00,1661,53.10,30.40,21.20
31-October-2019,796.60,796.60,760.00,764.05,773.254134509371554575,1814,296,1402683.00,999,55.07,36.60,-32.55
30-October-2019,793.00,815.00,775.00,778.90,794.131820457200066744,5993,1130,4759232.00,2269,37.86,40.00,-14.10
29-October-2019,751.55,810.90,743.80,785.80,784.761703811156534353,7583,1134,5950848.00,2856,37.66,67.10,34.25
27-October-2019,736.65,755.35,736.00,747.95,748.137586471944657955,1301,185,973327.00,1032,79.32,19.35,11.30
25-October-2019,718.00,740.00,714.10,736.65,731.046060606060606060,1650,498,1206226.00,951,57.64,25.90,18.65
24-October-2019,712.05,721.40,712.00,717.90,716.582089552238805970,804,153,576132.00,497,61.82,9.40,5.85
23-October-2019,709.30,723.00,709.30,714.50,716.777913361805979255,1639,332,1174799.00,994,60.65,13.70,5.20
22-October-2019,704.90,720.00,704.00,711.50,715.858524788391777509,1654,400,1184030.00,542,32.77,16.00,6.60
18-October-2019,715.00,715.15,702.25,704.90,710.444600280504908835,713,164,506547.00,474,66.48,12.90,-10.10
17-October-2019,712.00,726.00,706.00,710.20,713.884462151394422310,753,159,537555.00,593,78.75,20.00,-1.80
16-October-2019,718.00,721.05,704.60,709.30,711.383886255924170616,422,119,300204.00,293,69.43,16.45,-8.70
15-October-2019,706.25,727.50,702.20,724.70,712.182664339732402559,1719,445,1224242.00,993,57.77,25.30,18.45
14-October-2019,715.00,719.00,701.00,716.00,709.145418326693227091,2008,439,1423964.00,579,28.83,18.00,1.00
11-October-2019,715.00,727.00,702.65,718.55,719.743307426597582037,4632,595,3333851.00,1495,32.28,24.35,3.55
10-October-2019,694.00,700.10,637.00,699.75,680.141309467734338200,2123,220,1443940.00,1359,64.01,63.10,5.75
9-October-2019,692.10,706.00,692.05,699.90,701.102177554438860971,597,99,418558.00,495,82.91,13.95,7.80
7-October-2019,704.80,705.00,690.00,691.40,696.858704137392661982,1281,322,892676.00,835,65.18,15.00,-13.40
4-October-2019,700.50,705.00,686.00,694.00,697.449401523394994559,919,179,640956.00,686,74.65,19.00,-6.50
3-October-2019,695.00,709.00,677.05,700.50,693.154458598726114649,628,182,435301.00,368,58.60,31.95,5.50
1-October-2019,705.00,716.00,691.00,696.55,703.020520915548539857,1267,180,890727.00,914,72.14,25.00,-8.45
30-September-2019,738.00,743.00,702.00,704.90,709.842997323818019625,1121,231,795734.00,633,56.47,41.00,-33.10
27-September-2019,745.25,745.25,726.00,728.45,734.019292604501607717,622,177,456560.00,418,67.20,19.25,-16.80
26-September-2019,744.80,758.85,740.70,745.55,746.689361702127659574,1175,133,877360.00,930,79.15,18.15,0.75
25-September-2019,745.00,749.85,743.50,744.30,745.888888888888888888,837,174,624309.00,604,72.16,6.35,-0.70
24-September-2019,744.80,751.65,737.25,742.15,743.656940760389036251,1131,201,841076.00,600,53.05,14.40,-2.65
23-September-2019,768.90,768.90,729.15,755.55,752.111462093862815884,2216,426,1666679.00,1212,54.69,39.75,-13.35
20-September-2019,750.00,774.00,745.40,755.85,753.540721888014807959,4322,639,3256803.00,2446,56.59,28.60,5.85
19-September-2019,731.00,772.70,731.00,746.00,754.895431472081218274,16745,1940,12640724.00,3957,23.63,41.70,15.00
18-September-2019,728.00,737.15,722.00,731.85,728.862332695984703632,1046,157,762390.00,659,63.00,15.15,3.85
17-September-2019,730.05,739.95,722.00,723.90,727.922656250000000000,1280,339,931741.00,711,55.55,17.95,-6.15
16-September-2019,709.00,736.35,706.40,730.20,720.785843509724106739,4422,684,3187315.00,2814,63.64,29.95,21.20
13-September-2019,689.00,708.95,685.00,705.10,700.984814398200224971,1778,224,1246351.00,933,52.47,23.95,16.10
12-September-2019,702.95,704.50,682.80,686.30,693.154105736782902137,889,120,616214.00,627,70.53,21.70,-16.65
11-September-2019,706.00,710.00,686.00,695.60,698.206680584551148225,958,98,668882.00,607,63.36,24.00,-10.40
9-September-2019,694.00,714.00,694.00,705.30,703.209287796751353602,4802,598,3376811.00,1954,40.69,20.00,11.30
6-September-2019,667.25,677.00,665.00,673.50,670.480380499405469678,841,217,563874.00,576,68.49,12.00,6.25
5-September-2019,648.75,665.00,646.00,660.40,654.361525704809286898,603,180,394580.00,289,47.93,19.00,11.65
4-September-2019,644.15,650.00,636.00,647.20,644.210828547990155865,1219,365,785293.00,745,61.12,14.00,3.05
3-September-2019,645.65,648.00,640.00,643.20,644.383561643835616438,511,86,329280.00,354,69.28,8.00,-2.45
30-August-2019,650.00,651.45,639.30,649.55,643.993243243243243243,1036,177,667177.00,833,80.41,12.15,-0.45
29-August-2019,644.20,653.35,644.20,650.85,649.813056379821958456,337,104,218987.00,236,70.03,9.15,6.65
28-August-2019,647.90,664.50,647.85,657.30,656.115618661257606490,493,55,323465.00,249,50.51,16.65,9.40
27-August-2019,650.00,657.95,644.10,650.60,650.520801232665639445,649,114,422188.00,313,48.23,13.85,0.60
26-August-2019,651.25,659.50,641.00,643.50,646.544787077826725403,681,116,440297.00,410,60.21,18.50,-7.75
23-August-2019,637.55,646.00,635.30,643.65,642.504054054054054054,740,145,475453.00,590,79.73,10.70,6.10
22-August-2019,660.00,666.70,646.60,647.90,651.829436038514442916,727,92,473880.00,661,90.92,20.10,-12.10
21-August-2019,657.45,664.05,657.45,663.50,661.200378071833648393,529,52,349775.00,454,85.82,6.60,6.05
20-August-2019,639.00,668.80,639.00,667.30,664.505938242280285035,421,59,279757.00,348,82.66,29.80,28.30
19-August-2019,650.10,659.95,645.15,658.25,655.734848484848484848,528,80,346228.00,375,71.02,14.80,8.15
16-August-2019,658.65,662.00,645.05,653.70,652.872168284789644012,618,66,403475.00,433,70.06,16.95,-4.95
14-August-2019,679.00,679.10,652.60,657.55,666.016587677725118483,2954,326,1967413.00,1157,39.17,26.50,-21.45
13-August-2019,646.00,646.00,635.00,635.75,638.292147806004618937,866,145,552761.00,447,51.62,11.00,-10.25
9-August-2019,645.00,649.80,641.15,644.30,645.229386892177589852,946,253,610387.00,467,49.37,8.65,-0.70
8-August-2019,636.25,636.70,630.00,632.45,632.908200734394124847,817,81,517086.00,614,75.15,6.70,-3.80
7-August-2019,637.95,644.10,635.00,635.95,636.123809523809523809,840,220,534344.00,713,84.88,9.10,-2.00
6-August-2019,632.00,639.00,622.45,636.60,634.595307917888563049,682,99,432794.00,389,57.04,16.55,4.60
5-August-2019,640.15,642.50,620.00,629.05,629.393285371702637889,834,184,524914.00,457,54.80,22.50,-11.10
2-August-2019,650.00,650.00,640.05,642.65,642.244131455399061032,852,165,547192.00,569,66.78,9.95,-7.35
1-August-2019,655.50,664.00,645.05,650.20,652.023809523809523809,672,153,438160.00,485,72.17,18.95,-5.30
31-July-2019,666.00,671.90,655.85,662.15,664.658643326039387308,1828,254,1214996.00,971,53.12,16.05,-3.85
30-July-2019,670.20,679.80,668.00,672.75,672.767964071856287425,668,175,449409.00,577,86.38,11.80,2.55
29-July-2019,669.65,684.00,669.65,673.50,676.103293413173652694,668,108,451637.00,322,48.20,14.35,3.85
26-July-2019,678.40,685.00,673.35,677.05,678.707138092061374249,1499,216,1017382.00,573,38.23,11.65,-1.35
25-July-2019,669.70,675.20,667.85,670.15,670.015597920277296360,577,110,386599.00,409,70.88,7.35,0.45
24-July-2019,670.05,676.30,670.00,673.50,671.656424581005586592,358,75,240453.00,245,68.44,6.30,3.45
23-July-2019,668.05,677.00,667.80,674.50,673.860563380281690140,710,138,478441.00,484,68.17,9.20,6.45
22-July-2019,696.00,696.00,671.00,673.70,673.664859981933152664,1107,201,745747.00,698,63.05,25.00,-22.30
19-July-2019,672.10,675.90,671.00,675.55,674.470139771283354510,787,127,530808.00,563,71.54,4.90,3.45
18-July-2019,677.00,681.00,670.00,674.85,674.357424441524310118,761,128,513186.00,503,66.10,11.00,-2.15
17-July-2019,674.05,683.60,666.00,676.30,674.308664259927797833,554,89,373567.00,371,66.97,17.60,2.25
16-July-2019,677.80,686.85,670.00,674.75,676.060606060606060606,528,107,356960.00,457,86.55,16.85,-3.05
15-July-2019,676.00,678.05,665.00,674.85,672.448275862068965517,348,77,234012.00,234,67.24,13.05,-1.15
12-July-2019,671.10,683.05,671.00,674.80,675.299583911234396671,721,131,486891.00,464,64.36,12.05,3.70
11-July-2019,670.05,684.15,663.00,677.95,672.333705357142857142,896,226,602411.00,650,72.54,21.15,7.90
10-July-2019,670.20,679.95,670.00,672.00,675.069008782936010037,797,256,538030.00,581,72.90,9.95,1.80
9-July-2019,667.50,684.05,666.00,677.95,675.455906821963394342,601,114,405949.00,296,49.25,18.05,10.45
8-July-2019,700.00,700.00,675.00,676.20,680.635107118175535590,1447,194,984879.00,954,65.93,25.00,-23.80
5-July-2019,713.40,728.90,684.00,698.00,714.378648233486943164,2604,694,1860242.00,885,33.99,44.90,-15.40
4-July-2019,703.60,713.45,703.60,711.85,710.054155495978552278,1865,200,1324251.00,1326,71.10,9.85,8.25
3-July-2019,707.00,708.95,702.40,707.35,706.868181818181818181,880,114,622044.00,705,80.11,6.55,0.35
2-July-2019,708.90,708.90,694.00,700.15,700.686888454011741682,511,92,358051.00,289,56.56,14.90,-8.75
1-July-2019,706.00,718.45,705.10,707.05,711.189271255060728744,988,121,702655.00,498,50.40,13.35,1.05
28-June-2019,714.50,738.95,705.00,713.70,726.338084112149532710,4280,354,3108727.00,1961,45.82,33.95,-0.80
27-June-2019,714.00,718.00,709.70,714.70,714.198047419804741980,717,100,512080.00,489,68.20,8.30,0.70
26-June-2019,726.00,726.00,711.00,714.00,717.187671232876712328,730,117,523547.00,408,55.89,15.00,-12.00
25-June-2019,699.75,750.00,699.75,720.75,725.106324972737186477,7336,602,5319380.00,3319,45.24,50.25,21.00
24-June-2019,705.00,709.00,695.45,700.55,703.130927835051546391,970,117,682037.00,562,57.94,13.55,-4.45
21-June-2019,688.45,704.00,681.00,700.05,689.643734643734643734,814,87,561370.00,638,78.38,23.00,11.60
20-June-2019,676.00,692.75,670.00,685.75,678.979680696661828737,689,130,467817.00,467,67.78,22.75,9.75
19-June-2019,687.75,687.75,675.00,676.55,681.374429223744292237,438,63,298442.00,312,71.23,12.75,-11.20
18-June-2019,685.00,689.95,682.00,682.15,683.673748103186646433,659,61,450541.00,556,84.37,7.95,-2.85
17-June-2019,680.05,689.85,680.00,683.35,683.715328467153284671,411,70,281007.00,259,63.02,9.85,3.30
14-June-2019,696.55,699.85,685.00,685.50,691.638662316476345840,1226,82,847949.00,907,73.98,14.85,-11.05
13-June-2019,696.00,697.95,689.20,692.25,692.420911528150134048,1119,95,774819.00,610,54.51,8.75,-3.75
12-June-2019,691.00,708.00,691.00,696.60,700.095459837019790454,859,112,601382.00,324,37.72,17.00,5.60
11-June-2019,700.00,710.00,692.00,701.65,699.134556574923547400,981,114,685851.00,502,51.17,18.00,1.65
10-June-2019,718.85,718.85,700.30,701.95,706.595983935742971887,1245,142,879712.00,639,51.33,18.55,-16.90
7-June-2019,712.00,720.00,704.00,710.10,712.431411530815109343,503,66,358353.00,243,48.31,16.00,-1.90
6-June-2019,724.00,725.50,707.40,713.60,719.176724137931034482,928,117,667396.00,566,60.99,18.10,-10.40
4-June-2019,739.95,739.95,723.00,724.15,726.621394230769230769,832,119,604549.00,453,54.45,16.95,-15.80
3-June-2019,702.60,752.25,699.55,736.35,731.451605783026156053,9061,649,6627683.00,3734,41.21,52.70,33.75
31-May-2019,711.95,721.50,700.00,707.10,711.782971619365609348,1198,137,852716.00,633,52.84,21.50,-4.85
30-May-2019,714.35,725.00,710.00,718.15,717.218609865470852017,892,96,639759.00,631,70.74,15.00,3.80
29-May-2019,726.15,733.00,713.05,716.15,722.488669138854552946,2427,219,1753480.00,1315,54.18,19.95,-10.00
28-May-2019,715.00,744.00,715.00,722.05,729.149882598486824941,7666,719,5589663.00,3313,43.22,29.00,7.05
27-May-2019,685.00,709.00,685.00,705.95,698.503989920201595968,4762,467,3326276.00,2215,46.51,24.00,20.95
24-May-2019,673.35,695.90,668.35,678.35,682.043029259896729776,2324,278,1585068.00,927,39.89,27.55,5.00
23-May-2019,675.00,683.00,646.40,661.30,668.355109303507880020,3934,410,2629309.00,2159,54.88,36.60,-13.70
22-May-2019,654.95,665.00,642.00,655.45,650.966309341500765696,653,122,425081.00,380,58.19,23.00,0.50
21-May-2019,657.50,658.00,647.95,650.00,652.197395476353666895,1459,150,951556.00,863,59.15,10.05,-7.50
20-May-2019,675.00,676.00,646.00,651.35,654.468233799237611181,1574,202,1030133.00,1008,64.04,30.00,-23.65
17-May-2019,641.55,649.90,633.70,642.40,638.724137931034482758,928,110,592736.00,522,56.25,16.20,0.85
16-May-2019,633.80,639.95,627.20,632.70,634.377902885292047853,1421,164,901451.00,719,50.60,12.75,-1.10
15-May-2019,630.90,648.00,629.05,633.00,636.652654867256637168,1356,242,863301.00,593,43.73,18.95,2.10
14-May-2019,627.00,640.65,626.70,635.75,631.841025641025641025,585,85,369627.00,365,62.39,13.95,8.75
13-May-2019,640.50,641.35,629.75,630.05,632.391332895600787918,1523,190,963132.00,865,56.80,11.60,-10.45
10-May-2019,640.60,644.60,636.05,639.90,641.127214170692431561,621,72,398140.00,433,69.73,8.55,-0.70
9-May-2019,640.50,647.95,630.00,641.40,637.513100436681222707,458,67,291981.00,245,53.49,17.95,0.90
8-May-2019,650.00,650.00,638.00,640.50,642.458149779735682819,681,97,437514.00,473,69.46,12.00,-9.50
7-May-2019,649.00,670.00,645.05,648.35,651.628953771289537712,822,143,535639.00,459,55.84,24.95,-0.65
6-May-2019,655.95,655.95,643.00,647.35,649.220563847429519071,1206,157,782960.00,723,59.95,12.95,-8.60
3-May-2019,661.30,670.00,653.00,659.60,661.550632911392405063,948,114,627150.00,532,56.12,17.00,-1.70
2-May-2019,669.00,670.00,651.60,661.65,663.343017806935332708,1067,163,707787.00,645,60.45,18.40,-7.35
30-April-2019,672.55,678.95,660.60,669.35,668.540772532188841201,1165,133,778850.00,782,67.12,18.35,-3.20
26-April-2019,688.45,690.00,674.00,679.60,682.161939615736505032,1093,123,745603.00,554,50.69,16.00,-8.85
25-April-2019,678.00,681.00,673.05,676.20,677.646398503274087932,1069,117,724404.00,803,75.12,7.95,-1.80
24-April-2019,684.00,687.90,678.20,680.15,681.048286604361370716,642,81,437233.00,420,65.42,9.70,-3.85
23-April-2019,685.00,690.35,676.45,680.40,681.321691176470588235,1632,120,1111917.00,1376,84.31,13.90,-4.60
22-April-2019,699.15,700.00,682.00,686.00,690.966077738515901060,1415,208,977717.00,790,55.83,18.00,-13.15
18-April-2019,709.65,709.65,699.00,700.80,703.485370741482965931,2495,221,1755196.00,1694,67.90,10.65,-8.85
16-April-2019,707.00,713.80,707.00,709.65,710.254263565891472868,645,73,458114.00,466,72.25,6.80,2.65
15-April-2019,707.10,714.10,707.00,708.95,709.548821548821548821,891,99,632208.00,663,74.41,7.10,1.85
12-April-2019,715.90,720.00,710.00,712.60,713.925149700598802395,668,93,476902.00,508,76.05,10.00,-3.30
11-April-2019,717.50,729.90,710.00,715.90,718.615881032547699214,3564,362,2561147.00,1845,51.77,19.90,-1.60
10-April-2019,707.05,715.60,705.00,710.85,712.211494252873563218,1305,136,929436.00,549,42.07,10.60,3.80
9-April-2019,706.30,714.95,706.25,712.70,711.991919191919191919,1485,119,1057308.00,508,34.21,8.70,6.40
8-April-2019,710.00,714.50,706.00,710.30,711.686792452830188679,795,134,565791.00,444,55.85,8.50,0.30
5-April-2019,709.80,715.25,705.00,709.25,708.629111111111111111,4500,341,3188831.00,2656,59.02,10.25,-0.55
4-April-2019,720.00,720.00,709.80,711.35,712.543523316062176165,1930,137,1375209.00,1534,79.48,10.20,-8.65
3-April-2019,715.00,721.20,714.35,715.95,716.951891174518911745,3014,203,2160893.00,1634,54.21,6.85,0.95
2-April-2019,720.25,721.00,709.45,716.55,714.690339824360442917,2619,281,1871774.00,1343,51.28,11.55,-3.70
1-April-2019,710.00,727.85,705.00,717.25,715.231243001119820828,7144,834,5109612.00,3979,55.70,22.85,7.25
29-March-2019,716.30,722.95,706.35,709.80,712.024301964839710444,3868,377,2754110.00,1579,40.82,16.60,-6.50
28-March-2019,738.00,738.00,715.00,719.20,723.031366906474820143,3475,393,2512534.00,1700,48.92,23.00,-18.80
27-March-2019,722.10,775.00,721.05,739.20,746.367990226023213194,16370,1421,12218044.00,4261,26.03,53.95,17.10
26-March-2019,717.00,726.15,712.95,722.55,722.689907849450427445,9007,602,6509268.00,5391,59.85,13.20,5.55
25-March-2019,709.00,716.00,707.05,712.35,712.623562078540261800,5042,402,3593048.00,2776,55.06,8.95,3.35
22-March-2019,717.00,717.00,709.00,710.00,711.814710042432814710,2828,260,2013012.00,1565,55.34,8.00,-7.00
20-March-2019,710.90,718.00,710.90,711.85,713.771555309121153313,3607,295,2574574.00,2089,57.92,7.10,0.95
19-March-2019,706.25,715.85,704.40,710.90,711.209847596717467760,5118,568,3639972.00,2582,50.45,11.45,4.65
18-March-2019,674.00,718.00,674.00,699.55,702.402752455449038404,17003,1485,11942954.00,4154,24.43,44.00,25.55
15-March-2019,688.10,688.10,671.10,674.70,678.084400189663347558,2109,235,1430080.00,981,46.51,17.00,-13.40
14-March-2019,683.00,685.00,675.00,675.85,679.133471645919778699,1446,183,982027.00,749,51.80,10.00,-7.15
13-March-2019,693.00,693.00,677.00,679.25,684.655775425678785089,2173,233,1487757.00,1658,76.30,16.00,-13.75
12-March-2019,694.50,700.00,690.00,693.10,694.822325581395348837,3225,297,2240802.00,1858,57.61,10.00,-1.40
11-March-2019,670.00,680.95,669.90,679.05,675.019568151147098515,1482,152,1000379.00,890,60.05,11.05,9.05
8-March-2019,681.00,681.00,663.00,665.50,671.088912133891213389,1912,232,1283122.00,1121,58.63,18.00,-15.50
7-March-2019,697.70,697.70,679.55,681.75,683.327084927314460596,2614,199,1786217.00,1990,76.13,18.15,-15.95
6-March-2019,694.50,700.00,686.00,689.70,692.807197268190175991,3807,348,2637517.00,2526,66.35,14.00,-4.80
5-March-2019,670.00,694.00,669.00,682.90,684.820871922295007906,4427,510,3031702.00,2022,45.67,25.00,12.90
1-March-2019,657.00,673.85,657.00,669.65,666.031569586482881280,4498,423,2995810.00,2074,46.11,16.85,12.65
28-February-2019,664.90,669.90,654.10,657.40,661.592555186841725580,6931,865,4585498.00,4280,61.75,15.80,-7.50
27-February-2019,645.10,672.00,645.10,658.50,661.399861559760036917,4334,511,2866507.00,1542,35.58,26.90,13.40
26-February-2019,650.00,674.10,636.00,653.50,658.601576994434137291,2156,389,1419945.00,715,33.16,38.10,3.50
25-February-2019,662.90,662.90,644.00,652.50,654.771198830409356725,1368,259,895727.00,622,45.47,18.90,-10.40
22-February-2019,670.00,696.00,650.70,664.75,670.013535911602209944,7240,754,4850898.00,2807,38.77,45.30,-5.25
21-February-2019,629.80,690.00,629.80,667.45,662.961660726326943454,10381,1197,6882205.00,2732,26.32,60.20,37.65
20-February-2019,614.00,626.85,614.00,621.35,621.226166328600405679,986,118,612529.00,792,80.32,12.85,7.35
19-February-2019,623.00,625.00,612.15,617.80,617.771517996870109546,639,143,394756.00,253,39.59,12.85,-5.20
18-February-2019,622.90,629.95,603.25,611.90,615.500316255534471853,1581,200,973106.00,960,60.72,26.70,-11.00
15-February-2019,616.30,659.25,616.30,620.30,633.900705371676614215,1843,325,1168279.00,785,42.59,42.95,4.00
14-February-2019,623.00,649.90,621.00,623.60,627.422250316055625790,1582,249,992582.00,787,49.75,28.90,0.60
13-February-2019,640.00,644.40,620.10,624.15,630.078115682766845557,1677,273,1056641.00,1057,63.03,24.30,-15.85
12-February-2019,659.00,659.00,638.50,641.20,644.379767827529021558,1809,244,1165683.00,1149,63.52,20.50,-17.80
11-February-2019,655.00,681.00,650.00,661.55,663.348614072494669509,1876,228,1244442.00,1056,56.29,31.00,6.55
8-February-2019,650.00,665.00,641.00,654.40,647.833240997229916897,1805,238,1169339.00,633,35.07,24.00,4.40
7-February-2019,658.00,672.00,651.00,652.25,657.859848484848484848,1584,273,1042050.00,819,51.70,21.00,-5.75
6-February-2019,666.65,680.00,655.00,659.15,661.349920592906299629,1889,310,1249290.00,1055,55.85,25.00,-7.50
5-February-2019,699.95,699.95,675.00,680.25,684.698773284870513402,2201,224,1507022.00,1428,64.88,24.95,-19.70
4-February-2019,709.00,709.00,690.00,693.15,697.423548215237080447,1877,234,1309064.00,904,48.16,19.00,-15.85
1-February-2019,710.00,742.00,706.70,709.80,720.993694829760403530,3172,546,2286992.00,891,28.09,35.30,-0.20
31-January-2019,720.00,720.00,709.10,711.15,712.961397058823529411,1088,150,775702.00,601,55.24,10.90,-8.85
30-January-2019,727.00,730.00,712.70,719.70,722.317204301075268817,1302,201,940457.00,539,41.40,17.30,-7.30
29-January-2019,731.05,735.15,725.55,726.70,730.406490649064906490,1818,241,1327879.00,1011,55.61,9.60,-4.35
28-January-2019,747.00,753.20,732.00,737.05,736.926742532005689900,1406,211,1036119.00,679,48.29,21.20,-9.95
25-January-2019,752.00,761.00,742.15,746.45,750.816395919909331318,2647,240,1987411.00,1487,56.18,18.85,-5.55
24-January-2019,756.70,760.00,750.05,754.05,753.357412060301507537,1592,179,1199345.00,762,47.86,9.95,-2.65
23-January-2019,765.00,766.40,750.10,758.35,761.142857142857142857,1722,199,1310688.00,757,43.96,16.30,-6.65
22-January-2019,774.05,777.05,765.00,765.60,769.748645720476706392,923,126,710478.00,540,58.50,12.05,-8.45
21-January-2019,785.00,787.00,771.55,774.75,780.803072625698324022,1432,203,1118110.00,705,49.23,15.45,-10.25
18-January-2019,780.00,787.90,778.85,780.85,782.012315270935960591,1624,221,1269988.00,572,35.22,9.05,0.85
17-January-2019,773.10,779.85,773.10,775.20,776.796495956873315363,1484,175,1152766.00,570,38.41,6.75,2.10
16-January-2019,768.05,782.75,768.00,772.90,774.387277829747427502,1069,159,827820.00,386,36.11,14.75,4.85
15-January-2019,770.00,779.00,770.00,771.65,773.105187319884726224,694,130,536535.00,331,47.69,9.00,1.65
14-January-2019,779.45,779.45,769.30,772.75,771.788505747126436781,870,122,671456.00,445,51.15,10.15,-6.70
11-January-2019,775.00,782.35,774.00,774.90,777.038681948424068767,1396,168,1084746.00,622,44.56,8.35,-0.10
10-January-2019,782.20,787.60,777.00,778.95,781.581592320722755505,1771,334,1384181.00,960,54.21,10.60,-3.25
9-January-2019,790.00,798.00,782.00,783.90,787.984537935994246673,2781,275,2191385.00,1329,47.79,16.00,-6.10
8-January-2019,782.30,793.15,772.15,787.10,779.958648288128056914,4498,409,3508254.00,1988,44.20,21.00,4.80
7-January-2019,797.00,805.85,786.05,790.90,797.152163461538461538,4160,382,3316153.00,1648,39.62,19.80,-6.10
4-January-2019,789.00,828.00,783.10,813.30,814.227887139107611548,15240,1644,12408833.00,4259,27.95,44.90,24.30
3-January-2019,803.90,803.90,792.00,792.65,796.793333333333333333,750,115,597595.00,398,53.07,11.90,-11.25
2-January-2019,798.00,812.70,792.00,800.30,803.880766501064584811,2818,316,2265336.00,1201,42.62,20.70,2.30
1-January-2019,805.05,821.00,792.65,798.10,804.497921330348576910,3127,385,2515665.00,1278,40.87,28.35,-6.95
31-December-2018,786.05,821.00,780.00,809.30,803.329543147208121827,4925,533,3956398.00,1254,25.46,41.00,23.25
28-December-2018,776.00,793.10,776.00,789.75,789.632843791722296395,749,97,591435.00,277,36.98,17.10,13.75
27-December-2018,777.05,788.20,777.05,784.05,785.217068645640074211,1078,127,846464.00,471,43.69,11.15,7.00
26-December-2018,775.00,785.25,775.00,777.90,779.159776536312849162,895,128,697348.00,414,46.26,10.25,2.90
24-December-2018,780.15,787.15,780.10,783.85,784.564800000000000000,625,89,490353.00,299,47.84,7.05,3.70
21-December-2018,786.25,793.75,775.30,781.80,783.553861788617886178,1968,225,1542034.00,918,46.65,18.45,-4.45
20-December-2018,780.15,796.10,780.10,786.90,786.939885496183206106,1048,158,824713.00,391,37.31,16.00,6.75
19-December-2018,776.85,794.10,776.15,788.05,786.752677702044790652,1027,161,807995.00,340,33.11,17.95,11.20
18-December-2018,784.00,795.00,773.05,782.70,786.074364896073903002,2165,268,1701851.00,680,31.41,21.95,-1.30
17-December-2018,769.05,788.00,769.00,783.65,779.520158625247851949,1513,214,1179414.00,477,31.53,19.00,14.60
14-December-2018,769.00,780.00,767.00,768.95,772.814977973568281938,1362,187,1052574.00,668,49.05,13.00,-0.05
13-December-2018,773.50,783.15,765.00,771.55,776.110014104372355430,1418,168,1100524.00,691,48.73,18.15,-1.95
12-December-2018,756.05,781.00,756.05,773.35,772.289843104872006606,1211,184,935243.00,455,37.57,24.95,17.30
11-December-2018,745.00,772.70,740.00,756.20,755.570212765957446808,1645,204,1242913.00,477,29.00,32.70,11.20
10-December-2018,755.00,755.05,743.20,748.80,750.690923957481602616,2446,271,1836190.00,1386,56.66,11.85,-6.20
7-December-2018,776.00,784.00,755.50,762.70,771.194656488549618320,1572,238,1212318.00,858,54.58,28.50,-13.30
6-December-2018,768.50,773.10,755.00,770.40,767.897810218978102189,1096,133,841616.00,607,55.38,18.10,1.90
5-December-2018,780.00,783.75,774.00,775.85,777.015384615384615384,715,114,555566.00,325,45.45,9.75,-4.15
4-December-2018,781.15,792.45,781.05,784.10,784.796344647519582245,1149,151,901731.00,579,50.39,11.40,2.95
3-December-2018,792.05,795.50,780.00,783.35,787.383823529411764705,680,106,535421.00,323,47.50,15.50,-8.70
30-November-2018,792.25,797.65,789.65,790.95,793.724725943970767356,821,106,651648.00,398,48.48,8.00,-1.30
29-November-2018,797.05,810.00,786.60,792.65,796.210838272650296359,2362,279,1880650.00,1165,49.32,23.40,-4.40
28-November-2018,814.00,819.05,790.05,797.25,806.934765726119596168,3863,382,3117189.00,2018,52.24,29.00,-16.75
27-November-2018,789.00,864.30,775.00,805.45,825.727313266443701226,13455,1210,11110161.00,2692,20.01,89.30,16.45
26-November-2018,795.05,800.00,785.05,788.35,790.355555555555555555,765,103,604622.00,353,46.14,14.95,-6.70
22-November-2018,828.50,844.00,792.00,795.00,802.059135039717563989,1133,150,908733.00,522,46.07,52.00,-33.50
21-November-2018,807.20,817.70,799.40,803.45,805.043441226575809199,1174,151,945121.00,550,46.85,18.30,-3.75
20-November-2018,818.30,830.20,808.60,811.25,819.164280331574981160,1327,161,1087031.00,661,49.81,21.60,-7.05
19-November-2018,839.00,842.35,813.05,818.15,828.739671478347436535,4018,311,3329876.00,1859,46.27,29.30,-20.85
16-November-2018,833.20,846.95,820.00,823.85,831.401663201663201663,2405,263,1999521.00,1171,48.69,26.95,-9.35
15-November-2018,850.00,861.00,832.00,838.15,844.750378673129354740,3301,309,2788521.00,881,26.69,29.00,-11.85
14-November-2018,868.60,874.00,836.75,853.50,857.809175019275250578,5188,471,4450314.00,1080,20.82,37.25,-15.10
13-November-2018,914.00,914.00,850.00,854.15,863.142473633748801534,5215,493,4501288.00,2240,42.95,64.00,-59.85
12-November-2018,940.00,940.00,884.70,896.15,907.387187533816686505,18482,1721,16770330.00,5059,27.37,55.30,-43.85
9-November-2018,785.00,944.80,785.00,919.20,887.651515495515949597,44045,2973,39096611.00,4946,11.23,159.80,134.20
7-November-2018,760.00,800.00,760.00,790.00,791.776508972267536704,2452,179,1941436.00,1057,43.11,40.00,30.00
6-November-2018,768.20,792.65,763.00,770.75,773.502377179080824088,1262,191,976160.00,620,49.13,29.65,2.55
5-November-2018,758.00,765.00,754.00,758.00,760.271863117870722433,1052,90,799806.00,618,58.75,11.00,0.00
2-November-2018,762.00,764.45,751.25,758.65,759.401127493495229835,2306,236,1751179.00,1061,46.01,13.20,-3.35
1-November-2018,761.15,761.35,754.70,757.65,758.141295862607338017,1281,135,971179.00,657,51.29,6.65,-3.50
31-October-2018,746.40,761.20,746.35,757.50,756.126673532440782698,971,149,734199.00,546,56.23,14.85,11.10
30-October-2018,750.05,758.70,750.05,752.20,751.819518716577540106,748,96,562361.00,414,55.35,8.65,2.15
29-October-2018,764.90,764.90,742.65,749.00,748.708762886597938144,776,90,580998.00,409,52.71,22.25,-15.90
26-October-2018,749.60,754.70,742.00,747.85,746.032216494845360824,1552,154,1157842.00,783,50.45,12.70,-1.75
25-October-2018,750.00,750.00,740.00,741.65,745.648818897637795275,1905,199,1420461.00,1133,59.48,10.00,-8.35
24-October-2018,757.90,764.40,751.05,753.55,756.599000000000000000,1000,91,756599.00,553,55.30,13.35,-4.35
23-October-2018,760.15,762.60,750.00,751.25,755.469375000000000000,1600,159,1208751.00,927,57.94,12.60,-8.90
22-October-2018,774.95,776.00,760.15,765.05,769.816367265469061876,1503,175,1157034.00,742,49.37,15.85,-9.90
19-October-2018,790.00,793.55,774.40,777.35,779.962598425196850393,1016,133,792442.00,485,47.74,19.15,-12.65
17-October-2018,800.65,812.45,790.00,795.10,800.190224570673712021,757,90,605744.00,397,52.44,22.45,-5.55
16-October-2018,795.95,821.00,795.00,806.40,810.443115818243935770,2927,297,2372167.00,1237,42.26,26.00,10.45
15-October-2018,780.00,793.30,776.90,788.65,783.128205128205128205,936,120,733008.00,422,45.09,16.40,8.65
12-October-2018,778.00,785.95,775.00,779.30,779.901216893342877594,1397,173,1089522.00,623,44.60,10.95,1.30
11-October-2018,775.00,787.15,757.00,767.85,773.403840384038403840,3333,334,2577755.00,1389,41.67,30.15,-7.15
10-October-2018,770.00,782.85,767.35,775.25,775.409448818897637795,1651,170,1280201.00,843,51.06,15.50,5.25
9-October-2018,795.00,795.00,767.95,771.25,774.351320321469575200,1742,186,1348920.00,807,46.33,27.05,-23.75
8-October-2018,786.40,789.15,774.85,781.65,780.908618449545257687,2309,209,1803118.00,1102,47.73,14.30,-4.75
5-October-2018,806.05,806.40,790.00,794.25,796.816974595842956120,1732,181,1380087.00,780,45.03,16.40,-11.80
4-October-2018,800.05,805.70,795.00,799.35,800.415862068965517241,1450,173,1160603.00,707,48.76,10.70,-0.70
3-October-2018,835.00,835.00,800.85,810.00,808.629848783694937541,1521,178,1229926.00,524,34.45,34.15,-25.00
1-October-2018,820.00,824.90,792.25,803.55,804.575456584428067926,3121,349,2511080.00,1378,44.15,32.65,-16.45
28-September-2018,818.00,833.75,780.00,781.85,798.034831161925019941,3761,410,3001409.00,1894,50.36,53.75,-36.15
27-September-2018,837.00,845.10,820.50,825.95,830.048200514138817480,1556,186,1291555.00,708,45.50,24.60,-11.05
26-September-2018,848.45,851.80,835.00,840.25,846.397067117879300620,1773,207,1500662.00,911,51.38,16.80,-8.20
25-September-2018,872.00,874.05,840.00,841.00,851.926982591876208897,2068,271,1761785.00,919,44.44,34.05,-31.00
24-September-2018,906.20,906.20,861.90,872.50,880.397605814450619923,2339,271,2059250.00,1093,46.73,44.30,-33.70
21-September-2018,935.00,945.55,890.00,900.75,916.517273288093769278,3242,370,2971349.00,1417,43.71,55.55,-34.25
19-September-2018,955.70,955.70,930.00,935.65,943.685361216730038022,1052,155,992757.00,547,52.00,25.70,-20.05
18-September-2018,960.00,967.95,934.20,958.95,955.183630393996247654,4264,535,4072903.00,1611,37.78,33.75,-1.05
17-September-2018,925.00,955.55,919.00,953.15,945.667855444602948169,4206,476,3977479.00,1235,29.36,36.55,28.15
14-September-2018,903.00,933.45,903.00,928.55,925.644934804413239719,1994,256,1845736.00,1061,53.21,30.45,25.55
12-September-2018,913.60,917.25,900.65,906.40,906.296134208606856309,1371,179,1242532.00,694,50.62,16.60,-7.20
11-September-2018,934.00,936.10,910.00,911.75,917.336096718480138169,2895,363,2655688.00,1542,53.26,26.10,-22.25
10-September-2018,926.05,944.00,921.90,931.05,933.180992907801418439,3525,380,3289463.00,2013,57.11,22.10,5.00
7-September-2018,875.00,935.00,856.00,923.00,910.634604475260006303,15865,1463,14447218.00,3104,19.57,79.00,48.00
6-September-2018,868.00,880.00,856.70,865.25,864.952628163530175210,1541,220,1332892.00,633,41.08,23.30,-2.75
5-September-2018,880.00,889.00,862.00,867.15,873.150485436893203883,1236,188,1079214.00,545,44.09,27.00,-12.85
4-September-2018,898.00,901.40,882.05,887.05,892.046099290780141843,1128,152,1006228.00,471,41.76,19.35,-10.95
3-September-2018,890.00,901.70,887.00,897.60,893.311722331368696791,1527,186,1364087.00,717,46.95,14.70,7.60
31-August-2018,889.05,900.60,889.05,890.70,891.898400000000000000,1250,166,1114873.00,710,56.80,11.55,1.65
30-August-2018,890.05,903.20,887.95,897.20,892.721503388786198398,1623,193,1448887.00,591,36.41,15.25,7.15
29-August-2018,907.35,907.35,891.05,897.15,897.254491017964071856,668,91,599366.00,308,46.11,16.30,-10.20
28-August-2018,924.00,924.00,894.30,897.85,903.736506587335316617,2353,398,2126492.00,1266,53.80,29.70,-26.15
27-August-2018,927.00,929.95,916.05,919.85,920.062285223367697594,2328,265,2141905.00,1085,46.61,13.90,-7.15
24-August-2018,900.00,912.95,891.20,894.05,900.997212543554006968,1435,211,1292931.00,734,51.15,21.75,-5.95
23-August-2018,920.00,921.00,902.10,909.15,912.125000000000000000,2064,250,1882626.00,876,42.44,18.90,-10.85
21-August-2018,922.50,925.00,911.00,916.10,918.176877996803409696,1877,205,1723418.00,1084,57.75,14.00,-6.40
20-August-2018,936.05,936.10,925.00,926.30,927.641431520991052993,1453,162,1347863.00,795,54.71,11.10,-9.75
17-August-2018,942.30,952.30,918.15,937.15,936.287769784172661870,3614,384,3383744.00,1465,40.54,34.15,-5.15
16-August-2018,973.10,973.10,935.80,942.15,954.197678388528508023,2929,337,2794845.00,1364,46.57,37.30,-30.95
14-August-2018,982.00,982.00,957.05,960.15,967.175072463768115942,1725,200,1668377.00,695,40.29,24.95,-21.85
13-August-2018,970.00,996.45,960.00,981.15,983.966004086940367824,5383,633,5296689.00,1444,26.83,36.45,11.15
10-August-2018,990.00,990.00,970.00,971.50,975.762682215743440233,1715,235,1673433.00,694,40.47,20.00,-18.50
9-August-2018,966.00,1014.00,960.05,983.50,992.562382149591451917,6364,704,6316667.00,1539,24.18,53.95,17.50
8-August-2018,981.95,983.70,965.00,969.40,971.990925589836660617,1653,196,1606701.00,860,52.03,18.70,-12.55
7-August-2018,944.90,1000.70,944.90,972.05,978.602206946454413892,5528,778,5409713.00,1328,24.02,55.80,27.15
6-August-2018,964.55,966.95,942.00,955.70,953.612462006079027355,3948,575,3764862.00,1714,43.41,24.95,-8.85
3-August-2018,960.00,970.95,944.80,959.65,963.585076983813659692,2533,220,2440761.00,884,34.90,26.15,-0.35
2-August-2018,968.05,968.70,944.15,954.30,956.197526563316495384,5741,470,5489530.00,1415,24.65,24.55,-13.75
1-August-2018,979.90,990.80,955.00,980.95,976.777284712843269663,15549,1196,15187910.00,4025,25.89,35.80,1.05
31-July-2018,898.00,974.90,898.00,966.40,950.832876642167533099,39049,3305,37129073.00,7888,20.20,76.90,68.40
30-July-2018,805.25,902.75,801.00,889.10,855.958168749595285890,15443,1346,13218562.00,4690,30.37,101.75,83.85
27-July-2018,781.00,796.00,781.00,788.55,789.121951219512195121,5412,418,4270728.00,1089,20.12,15.00,7.55
26-July-2018,785.00,792.00,776.25,779.95,785.080191502094554159,1671,197,1311869.00,1039,62.18,15.75,-5.05
25-July-2018,782.10,797.00,782.10,788.15,790.639957828149710068,1897,201,1499844.00,1174,61.89,14.90,6.05
24-July-2018,775.00,790.00,770.15,781.55,781.545680238331678252,2014,202,1574033.00,1146,56.90,19.85,6.55
23-July-2018,786.25,798.90,771.00,773.05,777.886433937251436146,2263,273,1760357.00,1523,67.30,27.90,-13.20
20-July-2018,793.60,796.30,777.00,783.90,783.505948215535339398,2858,314,2239260.00,1555,54.41,19.30,-9.70
19-July-2018,801.05,804.05,791.00,793.60,797.461251167133520074,1071,148,854081.00,746,69.65,13.05,-7.45
18-July-2018,815.00,815.00,801.10,803.70,808.077485380116959064,1368,177,1105450.00,817,59.72,13.90,-11.30
17-July-2018,811.50,817.90,808.00,814.50,813.503405994550408719,1468,170,1194223.00,782,53.27,9.90,3.00
16-July-2018,828.00,828.00,810.00,811.50,814.958637469586374695,1233,149,1004844.00,744,60.34,18.00,-16.50
13-July-2018,832.50,839.00,819.00,821.35,826.956191588785046728,1712,219,1415749.00,916,53.50,20.00,-11.15
12-July-2018,844.90,849.95,828.00,832.80,839.769419460343417825,1223,146,1027038.00,694,56.75,21.95,-12.10
11-July-2018,845.00,851.75,835.00,839.55,842.309046751669702489,1647,196,1387283.00,881,53.49,16.75,-5.45
10-July-2018,821.00,855.00,821.00,850.50,848.082233502538071065,3940,365,3341444.00,1484,37.66,34.00,29.50
9-July-2018,828.40,832.95,814.20,819.60,823.823981098641464855,1693,159,1394734.00,954,56.35,18.75,-8.80
6-July-2018,827.00,835.00,820.00,828.40,829.211468076453843025,2459,228,2039031.00,1485,60.39,15.00,1.40
5-July-2018,835.00,837.00,827.05,829.60,831.767579570688378978,1351,160,1123718.00,955,70.69,9.95,-5.40
4-July-2018,847.95,847.95,835.00,835.85,837.510447761194029850,1340,154,1122264.00,702,52.39,12.95,-12.10
3-July-2018,857.00,857.00,843.00,844.45,846.805027173913043478,1472,221,1246497.00,974,66.17,14.00,-12.55
2-July-2018,849.80,883.00,830.00,858.70,854.722133757961783439,2512,330,2147062.00,961,38.26,53.00,8.90
29-June-2018,840.20,855.00,840.20,847.30,847.780198019801980198,2020,210,1712516.00,1145,56.68,14.80,7.10
28-June-2018,871.95,871.95,829.70,847.05,848.581928523263654753,2966,406,2516894.00,1877,63.28,42.25,-24.90
27-June-2018,887.00,887.00,865.00,867.90,872.933431408606105185,2719,386,2373506.00,1786,65.69,22.00,-19.10
26-June-2018,900.00,900.00,884.25,888.15,889.346359522830111065,2431,283,2162001.00,1548,63.68,15.75,-11.85
25-June-2018,921.95,921.95,898.00,900.00,905.995483288166214995,2214,222,2005874.00,1322,59.71,23.95,-21.95
22-June-2018,911.00,911.00,896.35,906.95,902.542264752791068580,3762,384,3395364.00,2154,57.26,14.65,-4.05
21-June-2018,923.65,925.00,910.20,911.75,915.461422087745839636,1983,251,1815360.00,1225,61.78,14.80,-11.90
20-June-2018,930.00,933.90,922.00,923.65,927.943319838056680161,1976,235,1833616.00,991,50.15,11.90,-6.35
19-June-2018,948.80,949.00,930.00,931.50,934.022851919561243144,3282,348,3065463.00,2370,72.21,19.00,-17.30
18-June-2018,960.00,960.00,946.50,949.00,953.383082553883692557,2459,232,2344369.00,1617,65.76,13.50,-11.00
15-June-2018,975.00,975.00,962.70,966.55,967.236423841059602649,1510,176,1460527.00,817,54.11,12.30,-8.45
14-June-2018,963.00,1001.45,948.00,974.80,969.076987799747580984,7131,618,6910488.00,2820,39.55,53.45,11.80
13-June-2018,972.55,976.70,960.00,963.30,967.679334916864608076,2105,303,2036965.00,1276,60.62,16.70,-9.25
12-June-2018,987.00,993.00,970.00,972.55,980.944568452380952380,2688,272,2636779.00,1696,63.10,23.00,-14.45
11-June-2018,998.00,998.00,983.00,987.05,991.406159209761766414,1721,169,1706210.00,1014,58.92,15.00,-10.95
8-June-2018,998.45,998.75,989.20,990.80,993.674355495251017639,1474,148,1464676.00,1184,80.33,9.55,-7.65
7-June-2018,1020.00,1020.00,996.00,998.45,1000.928767123287671232,730,98,730678.00,446,61.10,24.00,-21.55
6-June-2018,990.00,1009.00,988.05,994.75,995.312008978675645342,891,127,886823.00,596,66.89,20.95,4.75
5-June-2018,1010.00,1018.00,988.05,993.65,994.072863074557846187,82607,350,82117377.00,81387,98.52,29.95,-16.35
4-June-2018,1025.10,1029.65,1010.10,1013.80,1018.444921316165951359,699,133,711893.00,427,61.09,19.55,-11.30
1-June-2018,1058.00,1058.00,1025.00,1027.65,1035.173064820641913152,1589,203,1644890.00,733,46.13,33.00,-30.35
31-May-2018,1075.00,1090.80,1048.00,1057.60,1066.293009118541033434,1645,248,1754052.00,679,41.28,42.80,-17.40
30-May-2018,1036.80,1095.00,1016.00,1075.35,1053.287486598253943942,6529,735,6876914.00,1645,25.20,79.00,38.55
29-May-2018,1029.75,1053.00,1029.75,1046.85,1045.657710280373831775,856,127,895083.00,497,58.06,23.25,17.10
28-May-2018,1018.90,1053.95,1018.90,1037.40,1041.766594360086767895,2305,248,2401272.00,1096,47.55,35.05,18.50
25-May-2018,1001.90,1027.10,1001.20,1023.40,1018.034524530587522713,1651,220,1680775.00,808,48.94,25.90,21.50
24-May-2018,1010.10,1019.75,1004.00,1006.65,1008.062960862166761202,1763,182,1777215.00,1246,70.67,15.75,-3.45
23-May-2018,1010.05,1025.00,1009.00,1015.50,1014.229830508474576271,1475,208,1495989.00,913,61.90,16.00,5.45
22-May-2018,1017.60,1030.00,1011.00,1020.30,1019.151650811415780637,1787,233,1821224.00,1229,68.77,19.00,2.70
21-May-2018,1029.95,1029.95,1001.00,1020.10,1017.087284005316792202,2257,287,2295566.00,1554,68.85,28.95,-9.85
18-May-2018,1038.40,1042.95,1000.00,1033.85,1033.245624103299856527,3485,350,3600861.00,1376,39.48,42.95,-4.55
17-May-2018,1045.00,1055.00,1037.45,1039.35,1042.403186274509803921,1632,156,1701202.00,917,56.19,17.55,-5.65
16-May-2018,1062.50,1062.50,1042.05,1044.80,1046.756400877834674469,1367,177,1430916.00,1019,74.54,20.45,-17.70
15-May-2018,1082.30,1082.95,1052.00,1056.05,1064.705054382597568777,1563,196,1664134.00,1144,73.19,30.95,-26.25
14-May-2018,1071.00,1081.00,1065.10,1067.75,1069.549035369774919614,1244,231,1330519.00,887,71.30,15.90,-3.25
11-May-2018,1090.00,1090.00,1074.50,1081.75,1081.747135217723453017,2618,359,2832014.00,1969,75.21,15.50,-8.25
10-May-2018,1086.05,1092.00,1083.95,1084.60,1085.463350785340314136,2292,199,2487882.00,1885,82.24,8.05,-1.45
9-May-2018,1096.00,1134.00,1090.00,1093.50,1096.655104712041884816,1528,200,1675689.00,814,53.27,44.00,-2.50
8-May-2018,1100.90,1118.95,1094.15,1101.40,1106.983333333333333333,1380,205,1527637.00,649,47.03,24.80,0.50
7-May-2018,1092.50,1120.00,1084.45,1102.05,1092.537569339384770549,1983,329,2166502.00,1007,50.78,35.55,9.55
4-May-2018,1098.95,1102.15,1090.00,1092.70,1096.723741794310722100,1828,276,2004811.00,1126,61.60,12.15,-6.25
3-May-2018,1109.65,1116.00,1091.20,1096.85,1100.331494920174165457,3445,340,3790642.00,2066,59.97,24.80,-12.80
2-May-2018,1119.05,1131.95,1111.00,1117.15,1120.926084883166428230,2097,264,2350582.00,1107,52.79,20.95,-1.90
30-April-2018,1130.00,1135.00,1119.60,1124.20,1124.619890176937156802,1639,239,1843252.00,825,50.34,15.40,-5.80
27-April-2018,1127.40,1136.65,1124.05,1130.35,1129.513496742165684145,3223,274,3640422.00,1905,59.11,12.60,2.95
26-April-2018,1126.00,1137.55,1121.55,1132.65,1131.343650432407828857,4394,266,4971124.00,2515,57.24,16.00,6.65
25-April-2018,1132.20,1147.80,1120.05,1125.15,1129.849676724137931034,3712,373,4194002.00,2124,57.22,27.75,-7.05
24-April-2018,1131.05,1144.00,1130.45,1133.45,1134.545418950665622552,5108,266,5795258.00,3166,61.98,13.55,2.40
23-April-2018,1129.00,1148.00,1121.20,1132.45,1133.117922606924643584,4910,346,5563609.00,1791,36.48,26.80,3.45
20-April-2018,1148.70,1148.70,1120.00,1130.15,1135.136363636363636363,5390,313,6118385.00,2573,47.74,28.70,-18.55
19-April-2018,1136.00,1151.00,1128.55,1141.05,1140.624386905440857762,8767,527,9999854.00,2752,31.39,22.45,5.05
18-April-2018,1140.10,1152.00,1131.10,1135.35,1141.359591436966559395,7147,457,8157297.00,3002,42.00,20.90,-4.75
17-April-2018,1158.90,1162.85,1140.10,1144.65,1154.686717051454601925,9659,812,11153119.00,3449,35.71,22.75,-14.25
16-April-2018,1140.00,1158.50,1123.75,1147.35,1147.331282051282051282,16575,1301,19017016.00,5023,30.30,34.75,7.35
13-April-2018,1115.00,1149.00,1109.80,1122.45,1128.289706548133514425,24297,1653,27414055.00,6731,27.70,39.20,7.45
12-April-2018,1095.00,1096.00,1085.10,1086.80,1088.039149347510874818,6207,601,6753459.00,3841,61.88,10.90,-8.20
11-April-2018,1102.00,1104.65,1095.00,1097.20,1098.338195077484047402,6582,513,7229262.00,3657,55.56,9.65,-4.80
10-April-2018,1104.00,1110.00,1091.25,1102.50,1100.678968995143817706,13385,846,14732588.00,5117,38.23,18.75,-1.50
9-April-2018,1110.00,1111.00,1100.45,1104.45,1105.083044982698961937,13005,810,14371605.00,5525,42.48,10.55,-5.55
6-April-2018,1111.10,1117.90,1095.00,1101.50,1106.918569687119057293,12305,886,13620633.00,4824,39.20,22.90,-9.60
5-April-2018,1130.00,1130.00,1109.05,1112.35,1115.844166169747565096,20124,970,22455248.00,5056,25.12,20.95,-17.65
4-April-2018,1125.05,1139.15,1110.00,1112.25,1123.267220491519556940,17334,933,19470714.00,8563,49.40,29.15,-12.80
3-April-2018,1150.00,1150.00,1125.05,1129.00,1134.342518881404368238,14697,708,16671432.00,6453,43.91,24.95,-21.00
2-April-2018,1129.00,1153.90,1119.30,1149.45,1143.273535363885544483,39037,2177,44629969.00,11710,30.00,34.60,20.45
28-March-2018,1169.00,1184.00,1117.60,1128.35,1156.284225977538877682,216641,14272,250498571.00,36474,16.84,66.40,-40.65
